,movie_id,originality,immersive,impactful,connected,visuals,visual_effects,performance_of_actors,trailer_or_spoiler,plot_quality_rating,end_feeling_ending_rating,pacing_efficiency
0,,4,5,5,5,4,4,5,1,5,5,4
1,,5,5,5,3,5,4,5,3,5,5,4
2,,5,5,5,5,5,5,5,5,5,5,5
3,,5,5,5,5,5,4,5,5,5,5,4
4,,5,5,5,1,4,1,5,3,5,5,5
5,,5,5,5,5,5,5,4,1,5,5,4
6,,5,5,5,1,4,3,5,3,5,4,4
7,,5,5,5,1,5,4,5,2,5,5,3
8,,5,5,5,5,5,5,4,5,4,5,5
9,,5,5,5,1,5,4,5,4,5,5,4
10,,5,5,5,5,5,5,5,1,5,5,3
11,,4,5,5,1,4,5,5,3,4,4,4
12,,5,5,5,3,5,4,5,3,5,5,3
13,,4,5,5,5,5,5,5,5,4,4,4
14,,5,5,5,4,5,5,4,5,5,5,5
15,,5,5,5,1,5,4,5,3,5,5,5
16,,5,5,5,5,5,5,4,5,5,5,5
17,,5,5,5,1,4,3,5,5,5,5,3
18,,5,5,5,1,4,3,5,2,5,5,5
19,,5,5,5,5,5,4,5,5,5,5,5
20,,3,4,4,1,3,3,5,3,4,4,4
21,,4,5,5,1,5,5,4,4,4,4,3
22,,5,5,5,1,5,4,5,4,5,5,5
23,,5,5,5,1,5,5,5,3,5,5,3
24,,4,5,5,1,5,5,5,4,4,5,4
25,,4,5,5,1,3,3,5,3,4,5,3
26,,5,4,5,1,4,3,5,3,4,5,3
27,,5,5,5,1,5,4,5,5,5,5,4
28,,5,5,5,3,4,3,5,4,5,5,4
29,,5,5,5,5,5,5,3,1,4,5,4
30,,5,5,5,1,5,4,5,5,5,5,3
31,,5,5,5,1,5,4,5,1,5,5,4
32,,4,4,5,3,3,3,5,3,4,5,3
33,,4,5,5,3,5,4,5,3,4,4,3
34,,5,5,5,1,4,3,5,3,5,5,5
35,,4,4,5,1,3,3,5,3,4,4,4
36,,5,5,5,1,4,4,5,5,5,5,4
37,,3,4,5,1,3,3,5,3,4,4,4
38,,4,5,5,1,4,3,5,3,5,4,3
39,,4,5,5,1,5,4,5,3,4,4,4
40,,4,5,5,1,4,3,5,3,4,4,3
41,,5,5,5,1,4,3,5,5,5,5,4
42,,4,4,5,1,4,3,5,4,4,5,3
43,,4,5,5,5,5,5,5,1,4,5,4
44,,4,5,5,5,5,5,5,5,5,5,5
45,,4,5,5,1,4,3,5,3,4,5,3
46,,5,5,5,5,5,4,5,3,5,5,3
47,,5,5,5,4,4,4,5,2,5,5,5
48,,5,5,5,1,5,4,5,5,5,5,3
49,364,5,5,5,3,5,4,5,5,5,5,4
50,868,5,5,5,3,5,4,5,5,5,5,4
51,,5,5,5,5,4,3,5,3,5,5,4
52,,5,5,5,1,5,4,5,1,4,5,4
53,,5,5,5,1,4,3,5,2,5,5,4
54,,5,5,5,5,4,3,5,3,5,4,3
55,,4,4,4,1,3,3,4,3,4,4,3
56,,4,4,4,3,3,3,5,3,4,4,4
57,,5,5,5,1,5,5,5,4,5,5,4
58,,4,4,5,4,3,3,5,3,4,5,4
59,,5,5,5,5,5,5,5,3,5,5,5
60,,3,5,5,5,4,5,5,5,4,5,4
61,,4,5,5,5,5,5,4,5,4,5,5
62,,5,5,5,5,5,5,5,4,5,5,4
63,,4,5,5,1,4,4,5,3,4,5,4
64,,3,4,4,5,4,4,4,4,3,4,3
65,,4,4,5,4,3,3,5,3,4,5,4
66,,4,4,5,5,4,4,5,3,4,5,3
67,,5,5,5,1,5,5,5,5,4,5,4
68,,5,5,5,1,4,3,5,4,5,5,4
69,,5,5,5,5,5,4,5,1,5,5,4
70,,5,5,5,1,4,3,5,5,5,5,5
71,,5,5,5,1,5,4,4,4,5,5,4
72,,5,5,5,1,5,4,5,5,5,5,3
73,,5,5,5,5,5,5,5,4,5,4,5
74,206,5,5,5,5,5,5,5,4,4,5,3
75,,5,5,5,1,5,4,5,3,4,5,3
76,220,5,5,5,1,5,5,5,4,5,5,3
77,,4,4,5,1,3,1,5,3,4,5,3
78,,5,5,5,1,5,4,5,4,5,5,5
79,,5,4,5,5,4,4,5,3,5,5,4
80,,4,5,5,3,4,3,5,5,5,5,4
81,,5,5,5,1,4,3,5,3,5,5,4
82,27895,5,5,5,5,4,3,5,4,5,4,4
83,,5,5,5,1,5,4,5,5,5,5,4
84,,5,4,5,5,4,3,5,3,4,5,3
85,,5,5,5,1,5,4,4,3,4,4,4
86,2141,5,5,5,1,5,4,4,4,5,4,3
87,,5,5,5,1,4,4,5,4,5,5,5
88,,4,4,4,1,3,3,5,5,5,5,3
89,,4,5,5,1,4,3,5,5,5,5,3
90,,5,5,5,1,4,3,5,5,5,5,4
91,,5,5,5,1,4,3,5,3,5,5,3
92,,3,4,5,1,3,3,5,3,4,5,3
93,,3,4,5,3,3,3,5,4,4,5,3
94,,5,5,5,5,5,4,5,3,4,5,4
95,,5,5,5,1,4,5,5,3,5,5,4
96,,5,5,5,1,5,4,5,3,4,4,3
97,,4,5,5,4,4,3,5,4,4,4,5
98,,5,5,5,1,5,4,5,4,5,5,4
99,,5,4,5,1,5,3,5,3,4,5,3
100,,4,4,5,4,3,3,5,3,4,4,4
101,,5,5,5,5,5,5,5,3,5,4,3
102,,5,5,5,1,5,5,5,1,5,5,5
103,,3,4,5,4,4,4,4,2,4,5,3
104,,5,5,5,1,4,3,5,5,5,5,4
105,,4,4,5,1,4,4,5,3,4,4,3
106,,5,5,5,1,5,4,5,4,5,5,3
107,,5,5,5,5,5,5,5,4,5,5,5
108,,5,5,5,1,5,4,5,3,5,5,4
109,,4,4,5,1,4,3,5,3,4,5,3
110,,3,4,5,5,5,5,4,4,3,5,3
111,,5,5,5,1,5,5,5,5,5,5,3
112,,5,5,5,1,5,3,5,3,5,5,3
113,,4,5,5,1,4,4,5,5,5,5,4
114,,5,5,5,1,5,4,5,3,5,4,3
115,,5,5,5,1,5,5,3,3,4,5,3
116,,4,5,5,5,5,3,5,3,4,5,4
117,,5,5,5,1,5,4,5,2,4,4,3
118,30488,5,4,5,1,4,3,5,1,5,5,4
119,,4,5,5,1,5,4,5,5,5,5,5
120,,5,5,5,1,5,5,5,4,5,5,4
121,,4,4,5,3,5,4,5,3,4,4,4
122,,5,5,5,1,4,3,5,3,5,5,3
123,,5,5,5,1,4,1,5,3,5,5,3
124,,5,5,5,1,5,4,5,5,5,5,5
125,,5,5,5,1,5,5,5,5,5,5,4
126,,5,5,5,1,5,4,5,3,5,5,4
127,,5,5,5,4,5,5,4,2,4,3,2
128,,5,4,5,1,4,3,5,1,4,5,3
129,,3,4,4,3,3,3,4,3,4,4,4
130,,2,4,5,1,4,4,5,4,4,4,4
131,,3,4,5,4,4,3,4,3,2,4,4
132,,2,3,3,1,3,3,5,3,3,3,3
133,,4,4,5,1,3,3,5,3,4,4,4
134,,4,4,5,1,3,3,5,3,5,5,4
135,,4,5,5,5,5,4,5,4,4,4,3
136,,5,5,5,1,5,5,5,3,5,5,5
137,,5,5,5,1,4,3,5,3,4,5,4
138,,4,4,5,1,3,3,5,4,4,5,3
139,,3,4,4,1,4,3,5,4,4,4,3
140,,5,5,5,3,4,3,5,3,4,4,3
141,,5,4,5,1,4,3,5,3,4,4,3
142,,4,4,4,1,3,3,5,3,4,4,3
143,,4,4,5,4,4,3,5,3,4,5,4
144,,3,4,4,4,3,3,5,3,4,4,4
145,,3,4,4,1,4,4,5,2,4,5,3
146,,5,5,5,1,5,5,5,3,4,5,4
147,,4,5,5,1,4,3,5,3,4,4,5
148,,4,4,5,4,3,3,5,3,4,5,4
149,,5,5,5,1,5,4,5,3,5,5,3
150,,5,5,5,5,5,5,5,5,4,4,3
151,,4,5,5,5,5,5,5,4,5,5,5
152,,4,4,5,1,4,3,4,3,4,4,3
153,,4,4,5,5,4,3,5,4,4,5,4
154,16045,4,4,5,1,4,3,5,4,4,4,3
155,,4,4,5,4,4,4,5,4,4,5,4
156,,4,4,5,5,4,3,5,3,4,4,3
157,,4,5,5,1,4,4,5,1,4,5,3
158,,4,5,4,1,5,5,4,4,3,3,2
159,,4,4,4,1,3,3,5,5,4,4,3
160,,4,4,5,3,3,3,5,3,5,5,4
161,,5,5,5,4,4,3,4,4,4,5,5
162,,4,5,5,5,5,4,5,3,5,4,4
163,,4,4,5,1,4,3,5,3,4,4,3
164,24935,5,5,5,1,5,4,5,3,5,5,4
165,,4,5,5,5,5,4,5,3,4,5,4
166,,5,4,5,3,3,3,5,3,3,4,4
167,,5,5,5,1,5,4,5,3,5,5,3
168,,3,5,5,5,4,4,5,3,4,4,5
169,,5,5,5,1,4,3,5,4,4,5,3
170,,5,5,5,3,5,5,5,1,4,5,3
171,,4,5,5,1,3,3,5,3,5,5,5
172,,5,5,5,1,5,5,5,3,5,5,3
173,,5,5,5,1,5,4,5,3,5,5,3
174,5836,5,5,5,1,5,4,5,4,4,5,3
175,8593,5,5,5,1,5,4,5,4,4,5,3
176,8764,5,5,5,1,5,4,5,4,4,5,3
177,14485,5,5,5,1,5,4,5,4,4,5,3
178,27162,5,5,5,1,5,4,5,4,4,5,3
179,27944,5,5,5,1,5,4,5,4,4,5,3
180,28311,5,5,5,1,5,4,5,4,4,5,3
181,29122,5,5,5,1,5,4,5,4,4,5,3
182,,5,5,5,1,5,3,5,5,5,5,3
183,13088,4,4,5,1,4,3,4,1,4,4,3
184,,4,5,5,1,4,4,5,3,5,4,4
185,,5,3,5,1,3,2,5,1,3,2,3
186,,4,4,5,1,4,3,5,1,4,4,4
187,,5,5,5,3,4,3,5,3,5,5,3
188,,5,5,5,5,5,4,5,1,5,5,4
189,,4,4,5,1,3,3,5,4,5,5,3
190,,5,4,5,1,4,3,5,3,4,5,4
191,,5,5,5,1,5,4,5,1,4,5,3
192,,5,5,5,1,5,4,5,1,5,5,3
193,,5,5,5,1,4,3,4,5,5,5,4
194,,3,4,4,1,4,3,5,4,5,5,4
195,,4,5,5,1,5,1,5,1,5,5,3
196,,5,5,5,5,5,5,5,3,5,4,3
197,,5,5,5,4,4,1,5,2,5,5,4
198,,5,5,5,3,4,3,5,4,5,5,3
199,,5,4,5,1,4,3,5,5,5,5,5
200,,5,4,5,3,4,4,5,3,4,4,3
201,,5,5,5,1,5,5,5,1,3,3,5
202,,4,5,5,1,5,3,5,4,5,5,3
203,,4,4,5,1,3,3,5,3,4,4,4
204,,4,5,5,1,5,4,5,3,4,4,3
205,,4,5,5,1,3,3,4,5,5,5,5
206,,5,5,5,1,5,4,5,5,5,5,4
207,16146,5,5,5,1,5,4,5,2,4,5,4
208,17704,5,5,5,1,5,4,5,2,4,5,4
209,,5,5,5,5,5,4,5,3,4,5,4
210,16924,4,4,5,3,4,3,5,3,4,5,3
211,,4,5,5,1,4,3,5,4,5,5,3
212,,5,4,5,4,3,3,5,3,5,5,4
213,11558,4,5,4,4,5,5,4,3,4,4,3
214,14240,4,5,4,4,5,5,4,3,4,4,3
215,,4,4,5,1,5,1,5,3,3,4,2
216,,4,4,5,1,3,3,5,3,4,4,3
217,,4,4,4,1,3,3,4,3,4,4,4
218,,5,5,5,1,5,4,5,3,4,4,5
219,,4,5,5,1,5,4,5,5,5,4,4
220,,4,5,5,1,5,4,5,3,4,4,3
221,,4,5,5,1,4,4,4,3,4,5,3
222,,5,5,5,5,5,5,5,4,5,5,4
223,,4,4,4,1,5,4,5,3,4,4,4
224,,4,5,5,5,5,4,5,3,5,4,3
225,,3,4,4,1,4,4,5,3,4,4,4
226,,3,5,4,4,5,5,5,3,4,4,4
227,,3,4,5,1,3,3,5,3,5,5,4
228,,4,5,5,1,5,4,4,3,4,4,3
229,,4,4,5,1,3,3,5,5,5,5,5
230,,4,4,4,4,5,3,4,3,3,4,3
231,,4,5,5,1,5,4,5,3,5,4,4
232,,5,5,5,2,5,5,4,4,4,5,5
233,,4,5,5,1,3,3,5,4,4,5,5
234,,4,4,5,1,3,3,4,3,3,4,3
235,,2,4,5,5,4,5,4,3,4,4,4
236,,5,5,5,1,4,3,5,3,5,5,4
237,,2,4,4,1,3,3,4,3,3,4,3
238,,5,4,5,1,5,5,5,3,4,4,3
239,,4,5,5,4,5,5,4,3,4,5,4
240,,4,5,5,1,5,4,5,2,4,4,3
241,,5,5,5,1,5,4,5,3,5,5,3
242,,5,4,5,5,3,3,5,3,4,5,4
243,,4,5,5,1,4,3,5,5,5,5,3
244,,4,5,5,1,4,3,5,2,5,5,4
245,,3,4,4,1,4,4,4,3,4,4,4
246,,4,5,5,5,3,1,5,3,4,5,3
247,,4,4,5,3,3,3,5,3,4,4,4
248,,5,5,5,1,4,3,5,3,5,5,4
249,,4,4,5,1,4,3,4,2,4,4,3
250,,5,5,5,3,5,4,5,3,4,4,4
251,,4,4,4,3,5,5,4,3,4,4,4
252,,4,4,4,4,4,4,5,3,4,4,4
253,,5,5,5,5,4,3,5,5,5,4,4
254,,5,5,5,5,5,5,5,3,4,5,4
255,,5,5,5,5,5,5,5,5,4,5,4
256,,4,5,5,1,4,3,4,3,4,5,2
257,,5,5,5,1,4,3,5,5,5,5,4
258,,5,3,4,1,5,4,5,3,3,5,2
259,,5,5,5,5,4,4,5,3,5,5,4
260,,5,5,5,1,4,3,4,2,4,4,4
261,,5,5,5,1,4,3,5,3,3,4,3
262,,5,5,5,1,5,4,5,3,4,5,3
263,,5,5,5,1,5,4,5,3,4,4,5
264,,5,5,5,1,5,4,5,3,5,5,4
265,7411,5,5,5,1,4,3,4,3,4,4,2
266,,5,5,5,1,5,3,5,4,4,5,4
267,,3,4,5,1,4,3,5,1,4,5,3
268,,4,5,5,5,4,3,5,2,4,5,3
269,,5,5,5,5,5,4,5,1,5,5,4
270,,5,5,5,3,5,4,5,2,4,4,3
271,,5,5,5,3,5,5,4,3,5,4,5
272,,3,5,5,1,4,3,5,3,5,5,4
273,,5,5,5,5,5,5,5,5,5,5,4
274,,4,5,5,1,5,4,5,3,4,5,3
275,,3,4,5,3,3,3,5,3,4,5,3
276,,4,5,5,1,4,3,5,2,4,5,3
277,,5,5,5,1,4,4,5,3,5,5,4
278,,5,5,5,1,5,3,5,5,4,5,3
279,,5,5,5,4,5,4,4,3,4,4,3
280,249,5,5,5,1,4,5,4,4,5,5,3
281,588,5,5,5,1,4,5,4,4,5,5,3
282,,5,5,5,1,5,5,4,3,4,5,3
283,,5,5,5,1,5,4,5,3,4,4,3
284,,5,5,5,1,5,4,5,3,4,5,2
285,,5,5,5,4,5,5,4,3,4,4,3
286,,4,5,5,1,5,5,5,3,4,5,3
287,,5,4,5,1,3,3,5,2,4,5,4
288,,5,5,5,1,4,4,5,3,4,4,3
289,,4,4,5,3,3,3,5,4,4,5,3
290,,5,4,5,1,3,2,5,4,5,5,4
291,,4,5,5,1,5,4,4,3,4,4,2
292,,5,5,5,4,5,4,4,1,4,5,3
293,,4,5,5,1,5,4,5,5,5,5,3
294,,4,5,4,1,5,3,5,1,4,4,3
295,,5,5,5,1,5,1,5,4,4,5,3
296,,5,5,5,1,5,4,4,4,4,5,2
297,,5,5,5,1,5,4,5,3,5,5,3
298,,5,5,5,1,4,3,5,3,4,4,3
299,8936,5,5,5,1,5,4,5,1,5,5,3
300,,5,5,5,4,5,3,5,1,4,5,2
301,,5,5,5,1,4,3,5,3,5,5,4
302,,5,5,5,1,4,1,4,3,5,5,3
303,980,5,5,5,3,4,3,5,5,4,5,4
304,,3,4,4,3,5,4,5,3,4,5,3
305,,4,4,5,3,4,3,5,5,4,4,3
306,,5,5,5,1,5,3,5,3,4,5,3
307,,4,5,5,1,5,1,5,3,4,5,3
308,,3,4,5,1,3,3,5,3,4,4,3
309,,5,4,5,4,4,3,5,2,4,5,3
310,,4,5,5,1,5,5,4,1,4,4,2
311,,5,4,5,1,5,3,5,1,4,4,3
312,,4,4,5,3,4,3,5,3,4,5,3
313,,5,5,5,1,5,4,5,4,5,5,4
314,,4,5,5,1,5,4,5,3,4,4,3
315,,4,4,5,1,4,3,5,2,4,5,3
316,,5,5,5,1,4,4,5,5,5,5,4
317,,5,4,5,1,4,3,5,3,4,4,3
318,,4,4,5,1,3,3,5,4,4,5,5
319,,5,5,5,4,5,4,5,5,5,5,3
320,3780,5,5,5,1,5,5,4,3,4,5,3
321,,4,4,5,1,3,1,5,3,4,5,4
322,,3,4,5,1,4,3,5,5,4,4,3
323,,4,4,5,5,3,2,5,3,4,4,3
324,,3,4,5,1,5,4,5,2,4,4,2
325,,5,5,5,1,4,1,5,3,5,5,3
326,,4,4,5,3,3,3,5,3,4,5,4
327,,5,5,5,1,5,1,5,1,5,5,2
328,,5,4,4,1,4,4,5,1,4,5,4
329,,5,5,5,1,5,5,5,1,5,5,3
330,,5,5,5,1,5,5,5,1,5,5,4
331,,5,5,5,1,5,5,4,5,4,5,3
332,,4,4,4,4,3,3,5,3,4,4,4
333,,3,4,4,1,5,4,4,3,4,4,4
334,,3,4,4,1,3,3,4,3,3,3,4
335,,4,4,5,3,4,3,5,3,4,5,3
336,4960,3,4,4,1,3,3,5,3,3,4,3
337,20714,3,4,4,1,3,3,5,3,3,4,3
338,,3,4,4,1,5,4,4,3,4,5,3
339,,4,4,4,1,4,3,5,3,4,5,3
340,,4,4,4,4,5,5,4,3,4,4,4
341,,4,5,4,3,5,5,5,3,4,4,4
342,,4,4,5,4,4,4,4,4,3,2,3
343,,4,5,5,1,5,5,5,3,4,5,3
344,,3,4,4,4,3,4,4,3,3,4,3
345,,4,4,4,1,4,3,5,2,4,4,4
346,,4,4,3,1,3,3,5,2,4,5,4
347,,4,5,5,1,4,5,5,2,4,4,4
348,,4,5,5,2,5,4,4,2,4,5,4
349,,3,4,4,1,3,4,5,2,4,4,4
350,,4,4,4,2,4,5,5,2,3,4,4
351,,4,5,5,4,5,5,5,1,4,4,3
352,,5,5,5,1,5,4,5,1,4,4,3
353,,2,4,3,1,4,4,5,2,2,4,3
354,3122,4,5,5,1,5,5,5,2,3,4,3
355,,4,4,5,1,3,3,5,2,4,5,4
356,,4,5,5,4,4,4,5,2,5,5,5
357,,3,4,4,1,3,4,5,2,4,4,3
358,,3,4,4,1,3,3,5,2,3,3,3
359,,4,2,4,2,3,3,5,1,3,4,5
360,,5,5,5,1,4,5,5,2,5,5,4
361,,5,5,5,1,4,3,5,2,4,4,4
362,,3,4,4,1,4,4,4,2,4,4,4
363,,4,4,4,3,4,3,5,3,3,4,3
364,,3,5,5,1,4,3,4,2,4,4,4
365,,4,4,4,1,4,4,4,2,4,4,4
366,513,5,5,5,1,5,4,5,3,5,5,4
367,,4,5,5,3,4,3,5,3,4,4,5
368,,4,4,5,5,4,4,4,3,4,4,4
369,,5,4,5,4,5,4,4,3,4,4,4
370,,4,4,5,1,3,1,5,3,4,4,3
371,,3,4,4,1,3,3,5,3,4,5,3
372,,3,5,5,5,5,4,5,4,4,4,4
373,,4,5,5,5,4,4,5,3,4,5,5
374,,5,4,4,3,4,3,4,4,4,4,3
375,,5,5,5,3,5,5,4,3,4,4,5
376,,5,5,5,1,4,3,5,3,4,4,3
377,,3,3,3,3,3,3,4,3,3,4,3
378,,5,5,5,1,5,5,5,4,5,5,5
379,,4,5,5,3,4,4,5,3,4,4,4
380,,5,4,5,5,4,3,5,2,4,4,3
381,,4,5,5,4,5,4,5,4,4,5,3
382,,5,5,5,1,5,3,4,3,4,4,3
383,,4,5,5,1,4,3,5,3,4,4,3
384,,2,4,3,1,3,3,4,3,3,4,3
385,,3,4,5,1,4,3,5,3,4,5,3
386,,4,5,5,3,4,3,5,4,5,5,5
387,,4,5,5,3,5,5,5,3,4,4,4
388,,5,5,5,1,5,4,5,3,4,5,3
389,,4,5,5,4,5,5,5,4,4,4,5
390,,5,4,5,1,3,3,5,3,4,5,3
391,,5,4,5,2,4,3,5,5,4,5,3
392,,4,5,5,1,4,3,5,2,4,4,3
393,,5,5,5,1,4,3,4,4,4,5,3
394,,5,5,5,1,4,4,5,3,4,4,3
395,,5,5,5,1,4,3,5,5,4,5,2
396,,5,4,4,1,4,3,5,3,4,5,3
397,,5,5,5,1,4,4,5,5,5,5,4
398,,5,5,5,1,2,1,5,5,5,4,3
399,,4,5,5,1,5,3,5,3,4,4,3
400,,5,5,5,1,5,5,5,5,5,5,4
401,,3,4,4,1,3,3,4,3,4,4,3
402,,4,4,5,1,3,3,5,3,4,5,3
403,,4,5,4,1,3,1,5,3,4,4,3
404,,5,4,5,1,4,3,5,3,4,4,3
405,,5,5,5,3,5,5,4,3,4,5,3
406,,5,5,5,1,5,5,4,4,4,4,4
407,,5,5,5,1,3,3,5,3,5,5,4
408,,3,4,4,4,3,3,4,3,4,4,3
409,,3,4,5,1,3,3,5,3,4,5,3
410,,2,4,3,3,4,4,4,3,3,4,3
411,,5,5,5,5,4,3,5,1,4,4,4
412,4719,3,5,5,1,5,5,5,2,4,5,4
413,4720,3,5,5,1,5,5,5,2,4,5,4
414,4721,3,5,5,1,5,5,5,2,4,5,4
415,8752,3,5,5,1,5,5,5,2,4,5,4
416,8753,3,5,5,1,5,5,5,2,4,5,4
417,8754,3,5,5,1,5,5,5,2,4,5,4
418,,4,5,5,1,5,4,4,2,4,4,3
419,,5,5,5,1,5,4,5,3,5,5,3
420,,4,4,5,1,3,3,5,3,4,4,3
421,,5,5,5,1,5,5,4,3,4,3,4
422,,5,4,5,1,3,3,5,1,5,5,5
423,,5,5,5,1,5,4,4,3,4,4,3
424,,3,4,5,1,3,3,4,2,4,5,3
425,,5,5,5,4,5,4,4,1,4,4,4
426,,5,5,5,3,4,4,5,3,5,5,5
427,,4,4,5,1,4,3,5,2,4,4,3
428,,4,5,5,1,5,4,5,3,4,4,3
429,,5,4,5,1,4,3,5,4,5,5,3
430,,5,4,5,3,3,3,5,3,4,5,4
431,284,5,5,5,4,4,4,5,1,5,5,4
432,16835,5,5,5,4,4,4,5,1,5,5,4
433,,5,5,5,1,4,4,5,2,5,5,4
434,,5,5,5,1,5,4,5,3,5,5,5
435,,4,4,5,1,4,3,5,3,4,5,3
436,116,5,5,5,1,4,5,5,5,5,5,3
437,,4,4,4,1,3,1,5,5,5,4,3
438,,4,5,5,1,5,1,5,3,4,5,3
439,,4,4,5,4,4,3,5,3,4,4,3
440,,5,5,5,1,5,5,5,3,5,5,3
441,,4,4,5,1,4,3,5,3,4,5,3
442,755,5,5,5,1,4,3,5,5,5,5,3
443,,5,4,5,3,4,4,4,5,4,5,3
444,,5,4,5,4,4,3,5,3,4,5,3
445,,5,5,5,1,4,1,5,3,5,5,3
446,,3,4,5,1,5,3,4,3,4,4,2
447,,3,5,5,1,5,4,4,3,4,4,3
448,,4,4,5,1,4,3,4,3,4,5,3
449,,5,5,5,1,5,4,5,1,4,5,3
450,,5,4,5,1,5,1,5,1,4,4,3
451,,4,5,5,1,5,3,5,3,4,4,3
452,,5,5,5,1,5,4,5,3,4,4,2
453,,3,4,5,1,3,3,5,1,4,4,3
454,,4,4,5,1,4,3,5,3,4,4,3
455,5246,5,5,5,5,5,4,5,3,4,5,4
456,,4,4,5,1,4,3,5,3,4,3,3
457,,5,5,5,1,5,3,5,3,5,5,4
458,,5,4,5,1,4,3,4,4,4,5,4
459,,5,5,5,1,5,3,5,5,4,4,3
460,,5,5,5,1,4,2,5,1,5,5,3
461,,5,5,5,1,4,3,5,5,5,5,4
462,,4,4,4,1,3,3,5,1,4,4,4
463,,4,5,5,1,4,3,5,3,4,5,3
464,,5,5,5,1,5,3,5,1,5,5,3
465,21699,4,4,5,1,3,3,5,5,4,5,3
466,,5,4,5,1,3,2,5,2,5,5,3
467,,5,4,5,1,4,1,4,3,4,4,3
468,,4,5,5,1,5,4,5,4,5,5,4
469,,4,5,5,1,4,3,5,3,4,5,3
470,,5,5,5,1,5,3,5,5,4,4,3
471,,4,5,5,1,3,1,5,3,5,4,3
472,,4,4,4,1,3,1,5,5,5,4,4
473,,5,4,5,1,4,3,5,1,5,5,4
474,,4,5,5,1,5,4,5,3,5,5,3
475,,5,5,5,1,5,5,5,1,4,4,3
476,,5,4,5,1,5,3,5,4,5,5,3
477,23544,4,4,5,1,3,1,5,1,4,4,3
478,,3,5,5,5,5,5,5,3,4,5,4
479,,5,5,5,1,5,4,3,1,4,5,4
480,,4,4,4,4,4,3,5,4,4,4,4
481,,2,4,4,4,3,3,4,3,3,4,3
482,,5,5,5,1,4,3,5,4,5,5,3
483,,4,4,4,1,3,3,5,3,4,4,3
484,,4,5,5,1,5,3,5,3,4,5,3
485,,4,5,5,1,3,1,5,3,4,4,3
486,,5,5,4,1,5,5,5,3,4,4,3
487,,4,4,4,1,5,4,5,4,4,4,4
488,,4,4,4,1,4,3,5,3,3,4,3
489,,4,4,3,1,3,3,4,3,4,4,4
490,,4,4,4,5,5,5,5,3,3,4,4
491,,5,5,5,1,5,4,5,4,5,5,4
492,,5,4,5,1,4,3,5,3,4,5,4
493,,5,4,4,1,4,4,5,4,4,4,3
494,,2,4,4,5,4,4,4,4,3,3,4
495,,4,5,5,5,3,1,5,3,4,4,3
496,,4,4,5,5,4,4,5,3,4,5,4
497,,4,5,5,1,5,3,5,3,4,4,3
498,29656,5,5,5,1,5,4,5,3,4,5,4
499,,4,4,4,1,4,4,4,4,4,3,5
500,,4,5,5,1,4,1,5,4,5,5,3
501,,3,4,4,3,4,3,5,3,4,5,2
502,,4,5,5,1,4,3,5,5,5,5,3
503,,5,5,5,1,4,4,5,5,5,4,3
504,,5,5,5,1,5,4,5,3,5,5,3
505,,5,5,5,1,4,5,5,3,4,4,4
506,,4,5,5,1,3,3,5,3,4,5,3
507,,4,4,5,1,3,3,5,3,4,4,3
508,,5,4,5,1,3,1,5,3,4,4,3
509,,5,5,5,1,4,3,5,3,5,5,4
510,,3,4,4,4,4,4,4,3,3,3,4
511,,5,5,5,5,4,3,5,3,5,5,4
512,,5,4,5,1,2,1,4,3,4,4,3
513,,4,4,5,4,4,3,5,3,4,4,3
514,8386,5,5,5,1,5,5,4,3,3,4,3
515,,5,5,5,1,5,5,4,3,4,5,3
516,,5,5,4,1,5,5,5,3,4,5,5
517,,4,4,4,1,4,3,5,2,4,4,4
518,,3,4,4,1,3,3,4,3,4,4,3
519,,4,4,5,3,4,4,5,3,4,5,4
520,322,5,4,5,3,4,3,5,3,4,4,4
521,,5,5,5,1,4,3,5,3,5,5,4
522,,4,4,5,1,3,3,5,3,4,4,3
523,,4,4,4,5,5,4,4,4,4,4,3
524,,4,5,5,1,5,4,4,3,4,4,3
525,,5,5,5,1,5,3,5,4,5,4,3
526,,2,2,2,1,3,3,3,3,2,2,2
527,,3,5,4,4,5,5,5,3,4,4,4
528,,4,5,5,4,4,4,5,4,4,4,5
529,,4,4,4,3,3,3,4,5,5,5,4
530,,5,5,5,1,5,5,5,3,5,4,5
531,,4,5,4,1,4,3,5,3,4,4,3
532,,5,5,5,1,5,4,5,1,4,5,3
533,,4,5,5,5,5,5,5,1,5,5,5
534,,5,5,5,1,5,4,5,3,4,4,3
535,,4,4,3,3,5,4,4,3,4,4,3
536,,5,5,5,4,4,3,5,4,5,4,4
537,,4,5,5,4,4,3,5,1,4,4,5
538,,5,5,5,4,5,4,5,1,4,5,3
539,,4,4,5,1,5,4,4,3,3,4,5
540,,3,4,4,1,4,3,5,3,4,4,3
541,,5,5,5,1,5,4,5,3,4,5,3
542,,4,4,5,1,3,3,5,3,4,4,3
543,,4,4,5,1,3,1,5,5,5,5,3
544,,3,4,4,3,5,4,5,3,4,4,4
545,,4,4,4,3,3,3,5,3,4,4,3
546,,5,5,5,1,5,5,5,5,4,5,2
547,,5,5,5,1,3,3,5,3,4,4,4
548,,4,4,5,1,3,3,5,2,3,4,3
549,,5,4,5,1,3,4,5,1,3,4,3
550,,3,5,5,1,5,3,5,3,4,4,3
551,,5,5,5,1,5,4,5,3,4,5,4
552,365,5,4,5,3,3,4,3,3,4,4,3
553,676,5,4,5,3,3,4,3,3,4,4,3
554,,4,4,5,1,3,3,5,3,4,4,3
555,,5,5,5,1,5,5,3,5,3,3,2
556,,5,5,5,1,5,4,4,4,4,5,3
557,,5,5,5,1,4,3,5,3,4,4,3
558,,5,5,5,1,5,3,5,3,4,5,3
559,,5,4,5,1,3,3,5,3,4,5,3
560,,4,4,5,1,4,4,5,1,4,4,3
561,,5,4,5,4,4,4,5,3,4,5,3
562,348,5,4,5,1,3,3,3,1,4,5,3
563,673,5,4,5,1,3,3,3,1,4,5,3
564,10894,5,4,5,1,3,3,3,1,4,5,3
565,,4,4,5,1,4,3,5,3,5,5,3
566,,5,4,5,1,4,3,5,3,4,4,3
567,,4,4,4,1,4,3,5,3,4,4,4
568,,5,4,5,1,3,2,5,5,5,5,3
569,,4,5,5,1,5,4,5,4,4,5,3
570,,5,4,5,1,5,1,4,3,3,5,3
571,,5,5,5,1,5,4,5,3,5,5,3
572,,3,4,5,4,5,5,4,1,4,4,3
573,,5,5,5,3,5,3,5,3,4,5,3
574,,4,4,5,1,4,3,5,3,4,4,3
575,,4,4,5,1,3,1,5,3,4,4,3
576,,5,5,5,1,4,3,5,5,5,5,4
577,,4,4,4,1,3,1,5,3,4,4,3
578,,4,4,5,1,3,2,5,3,4,4,3
579,,4,5,5,1,5,3,5,4,5,5,4
580,,4,4,5,1,4,3,5,3,3,3,3
581,,5,5,5,1,4,4,5,4,4,4,3
582,,4,4,5,1,3,3,5,1,4,4,4
583,,5,4,5,3,3,3,5,1,5,4,5
584,,4,4,5,1,5,4,5,3,4,5,5
585,,5,4,5,3,3,1,5,1,3,4,4
586,,3,4,4,1,4,5,4,2,3,4,2
587,,5,4,5,1,3,2,4,1,4,5,3
588,,5,5,5,1,5,4,5,1,4,4,3
589,,4,4,3,1,4,3,5,4,4,4,5
590,,4,4,4,1,3,3,5,3,4,4,3
591,,4,5,5,1,3,3,5,3,4,4,3
592,,4,4,4,1,3,3,5,3,4,4,3
593,,5,5,5,1,5,5,4,3,5,5,5
594,,5,5,5,3,3,3,5,3,4,4,3
595,,3,4,5,1,3,3,5,3,4,5,4
596,,4,5,5,4,5,5,5,3,5,5,5
597,,4,4,5,1,3,3,5,3,4,4,3
598,,5,5,5,1,5,5,4,3,4,4,3
599,,2,3,3,1,3,3,4,4,3,4,2
600,,4,4,5,1,4,3,5,3,4,4,3
601,,4,5,5,3,5,4,5,3,5,5,4
602,,3,4,4,5,5,5,4,4,4,5,4
603,,3,4,5,5,4,5,5,4,4,4,4
604,,3,4,4,1,5,4,5,3,4,3,2
605,,4,5,5,4,5,4,5,3,4,4,4
606,,5,5,5,4,5,5,4,4,4,4,3
607,18252,4,4,4,3,3,3,5,3,4,5,4
608,,4,4,4,1,3,1,5,2,4,4,3
609,,5,5,5,1,5,4,5,1,2,4,2
610,,4,4,4,1,4,3,5,3,4,4,3
611,,5,4,5,1,3,3,5,3,4,4,4
612,,3,4,3,1,5,5,4,3,3,4,4
613,,4,4,4,1,3,3,5,3,4,5,3
614,,4,4,5,1,3,3,5,3,4,4,3
615,,4,5,4,1,5,5,4,3,4,4,3
616,,3,4,3,5,5,5,5,3,3,4,3
617,,4,4,4,1,4,3,5,3,4,4,3
618,,5,5,4,4,5,4,5,4,4,4,4
619,,3,5,5,5,5,5,5,3,4,4,4
620,,5,4,5,1,3,3,5,3,4,4,4
621,,5,5,5,1,5,4,5,5,5,5,3
622,,4,5,5,1,4,4,5,3,4,4,5
623,,4,5,4,3,5,4,5,4,4,4,3
624,,3,4,4,1,3,3,5,3,4,5,4
625,,4,5,5,1,5,4,5,3,4,5,4
626,,3,4,4,4,3,3,4,3,4,4,3
627,,5,5,5,1,5,4,5,5,5,5,3
628,,4,5,5,1,4,4,5,1,5,5,5
629,,2,2,2,5,4,3,3,3,2,2,2
630,,5,5,5,1,5,3,5,2,4,4,3
631,,4,4,5,4,4,3,5,5,4,4,3
632,,3,4,4,4,3,3,5,3,4,4,3
633,,5,5,5,1,4,3,5,3,4,5,4
634,,3,4,4,4,3,3,5,3,4,4,4
635,,3,4,5,1,3,3,4,3,4,4,5
636,,3,4,4,1,3,3,4,4,3,4,3
637,,4,5,5,1,3,1,5,3,3,4,3
638,,2,3,2,5,3,3,4,3,2,2,1
639,,4,4,4,1,4,3,5,3,4,4,3
640,,4,4,5,1,5,4,5,3,4,4,3
641,,4,5,5,1,5,4,5,2,4,4,3
642,,3,4,4,1,4,4,5,3,4,4,3
643,12663,2,5,5,1,5,5,3,3,2,4,3
644,,5,5,5,1,5,4,4,4,4,4,3
645,,4,5,5,1,5,4,4,3,4,4,5
646,,4,4,4,1,3,3,5,3,4,4,3
647,,5,5,5,3,5,4,5,3,5,5,5
648,,5,4,4,1,5,5,4,3,4,4,3
649,,3,4,5,1,5,3,5,3,3,4,2
650,,5,4,5,1,3,3,5,4,4,4,3
651,,2,4,5,1,5,3,5,3,5,5,3
652,,4,4,4,1,4,3,5,3,4,5,3
653,,5,4,4,1,4,4,4,3,4,4,4
654,,3,1,1,1,3,3,2,3,1,1,2
655,,3,4,4,1,3,3,5,3,4,4,3
656,,4,5,5,3,4,3,5,3,5,4,4
657,,2,4,5,1,3,3,5,3,3,4,3
658,,3,4,4,4,5,3,5,3,4,4,3
659,,4,5,5,1,4,3,5,3,4,4,3
660,,5,5,5,1,5,5,3,3,4,4,3
661,,5,4,5,1,4,3,5,3,4,4,3
662,,2,4,3,1,4,3,4,3,4,4,4
663,,5,5,5,1,5,5,4,1,4,4,3
664,,3,4,5,1,3,3,5,3,4,4,4
665,,5,5,5,3,5,5,5,3,4,4,3
666,,5,5,5,3,5,4,5,3,5,5,4
667,,4,5,5,1,4,3,5,3,4,4,3
668,,4,3,3,1,3,3,4,3,2,3,3
669,,4,5,5,1,4,3,5,3,4,4,3
670,,3,4,4,1,3,3,4,3,4,5,4
671,,5,4,5,4,4,4,5,1,4,5,4
672,,3,4,5,1,5,5,4,3,4,4,3
673,,5,5,5,1,5,3,4,5,4,5,3
674,,4,4,5,1,5,4,4,3,4,4,3
675,8025,4,5,4,1,4,4,4,5,4,3,5
676,16792,4,5,4,1,4,4,4,5,4,3,5
677,,5,5,5,1,4,1,5,4,4,4,3
678,,5,5,4,1,5,3,5,1,4,4,3
679,,4,4,4,1,3,3,5,3,4,4,3
680,,3,4,4,1,4,3,5,3,4,4,4
681,,3,4,5,1,3,3,4,3,4,4,3
682,,4,5,4,1,5,3,5,3,4,5,3
683,,2,2,1,1,3,3,2,2,2,2,2
684,,3,4,4,1,3,3,5,3,4,4,5
685,,4,5,5,1,3,3,5,2,4,4,3
686,,4,5,5,5,5,4,5,1,5,5,4
687,,4,4,5,3,5,4,5,3,3,4,5
688,,5,4,4,1,3,3,5,1,3,4,3
689,,5,5,5,1,5,4,5,1,4,4,3
690,,4,5,5,1,4,3,5,2,4,4,4
691,,5,5,5,1,4,4,5,2,5,4,4
692,20701,3,4,5,1,3,3,5,2,4,4,3
693,,4,5,4,1,5,5,4,2,4,4,4
694,,4,4,5,1,4,3,5,1,4,5,3
695,,4,5,5,1,5,4,5,1,4,5,5
696,,4,4,4,5,4,4,4,2,3,4,4
697,,3,4,5,1,4,4,5,2,4,4,3
698,,4,4,4,1,3,4,3,2,3,4,4
699,486,5,5,5,4,5,4,5,1,4,5,5
700,,4,3,4,1,3,4,5,2,3,4,4
701,,5,5,5,1,5,5,5,1,3,4,3
702,,4,4,5,1,3,3,4,2,3,4,4
703,,1,3,3,1,4,4,5,2,3,3,2
704,,5,4,5,1,3,3,5,1,4,4,3
705,,5,5,5,1,5,4,5,1,5,5,4
706,,5,4,5,1,3,3,5,1,4,4,4
707,,4,5,5,1,5,5,5,1,4,4,3
708,,5,4,5,1,3,3,5,2,4,4,3
709,,5,5,5,5,4,4,4,2,4,5,3
710,,4,4,5,1,3,1,5,3,4,4,3
711,,4,5,5,1,5,4,4,2,3,4,3
712,,4,4,5,1,4,3,5,3,4,4,3
713,,4,5,5,1,5,4,5,3,4,5,4
714,,5,5,5,3,4,3,5,5,5,5,3
715,,5,5,5,1,5,5,4,3,4,4,3
716,,4,5,5,1,4,3,5,3,5,5,3
717,,5,5,5,1,5,4,5,3,4,4,3
718,,4,4,5,1,5,4,5,3,4,5,3
719,,4,4,5,1,4,3,5,3,3,4,3
720,,5,4,5,1,4,3,5,3,4,5,3
721,1585,5,5,5,1,4,3,5,5,5,5,4
722,12955,5,5,5,1,4,3,5,5,5,5,4
723,,5,4,5,1,3,1,5,3,4,4,3
724,,5,4,5,1,4,4,5,1,4,5,4
725,,3,4,5,1,5,4,5,3,4,4,3
726,,5,5,5,1,5,5,5,1,3,5,3
727,,3,4,5,1,4,4,4,5,4,4,3
728,,5,4,5,1,5,3,5,4,4,5,3
729,646,4,5,4,1,5,4,5,2,4,4,3
730,2364,4,5,4,1,5,4,5,2,4,4,3
731,8748,4,5,4,1,5,4,5,2,4,4,3
732,,5,3,5,1,4,1,5,3,3,5,3
733,17312,4,4,5,1,4,3,5,1,5,3,4
734,,3,4,3,1,3,2,5,3,4,4,3
735,,3,4,5,1,3,3,5,1,3,4,3
736,,4,4,4,1,4,3,5,3,4,4,3
737,,5,4,5,4,5,4,5,1,4,4,4
738,5459,4,4,5,1,3,3,4,3,4,4,4
739,,5,4,5,1,3,1,5,3,4,5,5
740,,5,4,5,5,5,5,5,3,5,5,3
741,,5,4,5,3,3,1,5,1,4,5,5
742,,4,4,5,1,4,3,4,1,4,4,5
743,2687,5,4,5,1,5,4,5,3,4,4,3
744,3890,5,4,5,1,5,4,5,3,4,4,3
745,8355,5,4,5,1,5,4,5,3,4,4,3
746,9697,5,4,5,1,5,4,5,3,4,4,3
747,11608,5,4,5,1,5,4,5,3,4,4,3
748,12139,5,4,5,1,5,4,5,3,4,4,3
749,12409,5,4,5,1,5,4,5,3,4,4,3
750,18382,5,4,5,1,5,4,5,3,4,4,3
751,28687,5,4,5,1,5,4,5,3,4,4,3
752,,5,5,5,1,5,4,5,1,4,4,3
753,,4,5,5,1,4,3,5,3,4,4,3
754,,4,3,4,5,3,4,5,4,3,4,5
755,,4,5,5,1,5,4,5,3,4,4,3
756,182,5,5,5,1,4,4,5,5,5,5,4
757,,4,5,5,5,5,4,5,3,4,5,5
758,,4,4,4,1,3,3,5,3,4,4,3
759,1247,5,4,4,3,3,3,5,3,3,3,3
760,,2,4,2,1,5,5,4,3,3,4,3
761,,2,4,3,1,4,3,5,3,3,3,3
762,,4,4,4,3,4,4,5,4,4,4,5
763,,2,4,4,1,3,3,4,3,3,3,3
764,,4,4,4,1,4,4,4,3,4,4,3
765,,5,5,5,1,5,5,5,3,4,4,4
766,,4,5,5,1,4,3,5,4,4,4,3
767,,3,4,4,3,4,3,4,3,4,4,4
768,,5,5,5,1,4,3,5,3,4,5,4
769,,4,4,5,5,4,4,4,3,5,4,5
770,,4,5,5,1,4,3,4,3,3,3,2
771,,4,4,4,1,5,3,5,3,4,4,3
772,,4,5,3,4,5,5,5,4,4,4,4
773,,4,4,4,4,5,5,4,3,3,4,3
774,,4,4,5,1,4,3,5,3,3,4,3
775,,4,5,3,4,5,4,4,3,4,4,3
776,,5,5,5,4,5,5,5,1,5,5,5
777,,4,5,5,1,5,5,5,5,4,5,5
778,,2,3,2,5,4,4,4,4,2,2,4
779,,4,5,5,1,5,4,5,3,4,4,3
780,,4,5,5,3,4,4,5,5,5,5,5
781,,3,4,4,5,4,4,5,3,4,4,4
782,,4,4,5,3,3,3,4,4,4,4,5
783,,4,4,4,4,5,4,5,3,4,4,4
784,,4,4,4,1,3,3,5,3,4,4,4
785,,4,4,4,1,4,3,4,3,4,5,4
786,,4,4,4,1,4,3,4,3,4,4,3
787,,3,4,3,5,4,4,4,4,3,3,2
788,,4,5,4,1,5,5,4,3,4,4,3
789,,3,4,4,4,3,3,5,3,4,5,3
790,,5,5,5,1,5,5,4,3,4,4,4
791,17320,3,4,4,1,4,3,5,3,4,3,3
792,30012,3,4,4,1,4,3,5,3,4,3,3
793,,3,4,3,4,4,3,4,3,4,4,3
794,,4,5,5,3,5,4,5,3,5,5,4
795,,5,4,4,4,3,3,5,3,4,4,4
796,,4,5,5,4,4,3,5,3,4,5,3
797,,4,4,4,1,5,5,5,4,4,4,3
798,,4,4,4,1,4,3,5,4,4,4,3
799,,4,4,5,1,4,3,5,3,4,4,3
800,,4,5,5,1,5,4,5,3,4,4,3
801,,3,4,3,1,3,3,4,5,3,4,3
802,,4,4,4,4,4,3,4,3,4,4,3
803,15588,4,5,4,1,5,1,5,4,3,4,3
804,,4,4,4,3,5,5,4,3,4,4,4
805,,3,3,3,1,3,3,4,5,3,3,3
806,,5,5,5,1,5,4,5,4,4,5,3
807,,3,4,4,1,4,3,5,3,4,4,4
808,,3,3,4,4,3,3,4,3,2,3,3
809,,3,4,3,3,3,2,3,3,3,4,3
810,,3,4,5,5,4,4,4,3,4,4,5
811,,4,5,5,1,5,4,5,3,4,4,3
812,,3,5,5,4,4,3,5,3,4,4,4
813,,4,5,5,1,5,3,5,3,4,5,3
814,,4,4,5,5,4,4,4,1,4,4,3
815,,3,5,5,1,4,4,5,3,4,4,3
816,,5,5,5,1,5,5,4,3,4,4,3
817,,3,5,4,1,5,4,5,3,4,4,3
818,,4,4,5,1,3,2,5,4,4,4,3
819,,5,4,4,1,3,3,5,3,4,4,3
820,,4,4,4,1,3,3,5,3,4,4,4
821,,3,2,3,1,3,3,4,3,2,3,3
822,,5,4,5,1,3,3,5,3,5,4,3
823,,4,5,5,1,5,5,4,3,4,4,5
824,,3,4,4,1,5,3,5,3,4,4,3
825,,4,5,5,1,3,3,5,3,4,4,4
826,,4,4,5,3,3,3,5,3,4,5,3
827,,5,5,5,1,4,4,5,3,4,5,4
828,,4,4,5,5,4,4,5,3,5,5,5
829,973,4,5,5,3,5,5,4,3,4,4,4
830,,5,5,4,3,5,4,5,4,4,4,3
831,,5,4,4,1,3,3,4,3,4,4,3
832,,5,4,5,4,3,3,5,3,4,4,5
833,,4,4,5,1,3,3,5,3,4,4,3
834,,5,5,5,1,3,3,5,4,4,4,3
835,,4,4,5,1,3,3,5,3,4,4,4
836,,5,4,4,1,5,3,5,3,4,4,3
837,,5,5,5,1,4,3,4,3,4,4,3
838,,5,4,5,1,3,3,5,3,4,4,3
839,,4,4,4,1,3,3,5,3,4,4,3
840,,5,5,4,1,5,4,4,3,3,4,4
841,,4,4,5,1,3,1,5,3,5,5,5
842,,4,5,5,1,3,3,5,3,4,4,3
843,27000,4,4,4,1,3,3,5,3,4,4,2
844,,4,4,5,3,3,3,5,5,4,5,4
845,25622,5,4,5,1,4,3,5,5,5,5,3
846,25623,5,4,5,1,4,3,5,5,5,5,3
847,,3,4,4,1,5,4,5,2,4,5,3
848,,4,5,4,4,5,4,4,3,3,4,3
849,,4,5,5,1,4,3,5,3,4,5,3
850,,5,4,5,5,2,1,3,1,3,4,3
851,,5,4,5,1,3,3,5,4,4,3,2
852,,4,4,5,1,3,3,5,3,4,4,3
853,,3,4,5,4,4,3,5,1,4,5,4
854,,4,5,5,5,4,3,5,1,5,5,4
855,,3,5,4,1,5,4,5,3,4,4,4
856,,5,5,4,1,5,4,4,3,4,4,3
857,,5,5,5,1,3,3,5,3,5,5,3
858,,3,4,5,1,3,3,5,5,5,5,4
859,,3,4,4,4,3,3,5,3,4,4,3
860,,5,5,5,1,5,3,5,3,4,4,2
861,,5,5,5,1,5,4,5,3,5,4,4
862,,5,5,5,3,5,5,5,3,4,4,5
863,,5,5,5,1,3,3,5,5,5,5,3
864,,5,4,5,1,3,3,5,1,4,5,3
865,,4,5,5,1,5,4,4,3,4,4,3
866,,4,4,4,1,5,4,5,1,4,4,3
867,,5,5,4,1,4,3,5,3,4,4,3
868,,5,5,5,1,5,3,5,2,4,4,3
869,,5,4,4,1,3,3,5,3,4,5,3
870,22783,5,5,5,1,5,4,5,5,5,5,5
871,24901,5,5,5,1,5,4,5,5,5,5,5
872,30858,5,5,5,1,5,4,5,5,5,5,5
873,,5,5,4,1,5,5,4,3,4,3,3
874,,4,4,4,1,3,3,5,4,4,4,3
875,,4,4,5,5,4,4,5,4,5,5,4
876,,3,4,5,1,3,3,4,3,4,4,3
877,,4,4,5,1,3,1,5,3,4,4,3
878,,5,4,5,1,3,3,5,1,3,4,5
879,,4,4,5,3,5,4,4,3,4,4,5
880,63,4,4,5,1,4,3,4,3,4,5,3
881,100,4,4,5,1,4,3,4,3,4,5,3
882,121,4,4,5,1,4,3,4,3,4,5,3
883,,4,5,5,1,5,3,5,5,4,5,3
884,,4,2,3,1,3,1,4,1,3,3,3
885,,4,5,5,1,4,3,5,5,5,4,5
886,,5,4,5,1,3,3,5,2,4,5,5
887,,4,4,5,1,3,3,5,3,4,4,3
888,,5,4,5,1,3,3,4,3,3,4,3
889,,5,5,5,1,5,4,5,3,5,5,4
890,,4,5,5,3,4,3,5,3,4,4,5
891,,4,4,5,4,4,3,5,3,4,4,5
892,,4,4,5,1,4,4,4,5,5,5,5
893,,3,4,5,1,3,1,5,3,4,4,3
894,,4,4,5,1,3,3,5,3,4,4,4
895,,5,5,5,1,5,4,5,4,4,5,3
896,,3,4,5,1,4,3,5,1,5,5,3
897,1158,5,5,5,1,5,5,5,4,5,5,4
898,,4,4,5,1,4,4,4,2,4,4,4
899,,4,4,5,3,4,3,4,1,3,4,4
900,541,5,4,5,1,4,4,4,4,4,3,3
901,,3,5,5,1,4,3,5,3,4,5,3
902,1872,5,5,5,4,5,4,5,3,5,5,3
903,12479,5,5,5,4,5,4,5,3,5,5,3
904,23774,5,5,5,4,5,4,5,3,5,5,3
905,,2,3,2,1,3,3,4,3,3,3,3
906,,5,4,5,1,5,4,4,5,4,5,3
907,1128,4,5,5,3,4,5,5,4,5,5,3
908,2118,4,5,5,3,4,5,5,4,5,5,3
909,,5,4,5,1,4,3,5,3,4,4,3
910,,3,4,2,1,4,3,4,2,3,3,3
911,1077,3,4,4,1,4,3,5,1,3,4,3
912,,3,5,5,1,5,3,5,2,3,4,3
913,,2,2,1,2,3,3,2,3,2,2,2
914,,4,4,5,1,4,3,5,2,4,4,3
915,,3,4,5,1,4,3,5,3,4,4,3
916,,5,4,5,1,5,5,5,1,3,4,2
917,430,4,4,4,1,4,4,5,3,4,4,4
918,28297,4,4,4,1,4,4,5,3,4,4,4
919,5605,3,4,4,1,3,3,4,3,4,4,3
920,6812,3,4,4,1,3,3,4,3,4,4,3
921,,5,5,4,1,4,4,4,3,4,4,5
922,,4,5,4,1,5,4,5,4,4,5,3
923,,4,4,5,1,5,3,5,3,4,4,3
924,,4,5,5,1,4,3,5,3,3,3,3
925,,3,4,4,1,3,3,5,3,4,4,3
926,,3,4,3,1,3,3,5,3,4,4,4
927,,4,4,4,3,4,3,5,3,4,4,3
928,20087,5,5,5,1,5,3,5,4,4,4,4
929,,4,4,4,3,4,3,5,3,4,4,3
930,,4,4,4,5,5,5,4,3,3,4,3
931,,4,5,4,1,5,4,4,3,4,4,5
932,,3,4,4,1,4,4,5,3,4,5,3
933,,3,4,3,1,4,3,5,3,4,4,3
934,,2,4,3,5,5,5,5,3,3,4,4
935,,3,5,4,1,5,5,4,3,4,4,4
936,,4,5,5,1,5,4,5,2,4,4,4
937,,4,4,4,5,4,3,5,3,4,4,4
938,,4,4,5,1,5,3,5,3,4,5,2
939,,4,5,5,1,5,4,5,3,5,5,4
940,,3,4,4,3,3,3,5,3,4,4,3
941,,3,4,4,5,4,5,4,3,4,4,3
942,,3,4,4,1,3,3,4,5,4,4,4
943,,4,5,5,3,4,4,4,3,4,4,5
944,,4,5,5,1,4,4,5,3,4,5,5
945,,3,5,3,1,5,5,4,3,3,4,3
946,,2,4,5,1,4,3,5,4,4,4,4
947,,3,5,4,1,5,4,5,3,4,4,3
948,,4,4,4,4,3,3,4,3,4,4,3
949,,3,3,5,1,3,3,5,3,3,4,3
950,,4,4,4,1,3,3,5,3,4,4,4
951,,4,4,4,1,4,3,4,3,4,4,4
952,,4,5,5,1,4,3,5,3,5,5,5
953,,4,4,4,1,3,3,5,3,4,4,4
954,,5,4,5,1,5,4,5,5,4,4,3
955,198,4,4,4,1,3,3,5,3,3,4,4
956,,4,4,5,3,3,3,4,3,4,5,4
957,2955,4,4,3,3,4,4,5,3,4,4,5
958,,2,3,3,1,3,3,4,3,3,4,3
959,387,5,2,4,1,4,3,3,3,2,2,2
960,3469,5,2,4,1,4,3,3,3,2,2,2
961,12513,5,2,4,1,4,3,3,3,2,2,2
962,23808,5,2,4,1,4,3,3,3,2,2,2
963,31092,5,2,4,1,4,3,3,3,2,2,2
964,,3,3,3,1,3,3,4,2,2,2,3
965,,4,5,5,3,4,4,5,3,4,4,4
966,,4,4,3,1,4,4,4,3,4,4,4
967,,5,5,4,1,5,5,3,3,4,4,3
968,,4,4,4,1,3,3,5,3,4,4,4
969,,4,4,5,1,3,3,5,3,5,5,4
970,,3,4,5,1,4,3,5,3,3,4,3
971,,3,4,4,4,4,4,4,3,4,4,3
972,,3,4,3,1,4,4,4,5,4,4,3
973,,4,4,5,1,3,3,5,3,4,4,4
974,,3,4,3,5,5,4,4,3,2,4,2
975,,4,4,5,3,5,5,4,3,3,4,5
976,,4,4,5,3,3,3,4,5,4,5,3
977,,4,4,4,1,5,4,4,3,4,3,2
978,,4,4,4,1,3,3,5,3,4,4,3
979,128,5,4,5,5,3,3,3,5,4,5,4
980,566,5,4,5,5,3,3,3,5,4,5,4
981,,5,4,5,1,3,3,5,3,4,4,2
982,,4,4,5,1,4,3,5,3,4,4,3
983,,4,4,4,1,4,3,5,3,3,4,3
984,,4,4,4,4,5,4,4,3,4,4,3
985,,4,4,4,1,3,1,5,3,4,4,3
986,,5,5,5,1,4,3,5,3,4,4,3
987,,5,5,5,4,5,3,4,5,4,5,3
988,,3,4,3,1,4,3,5,3,4,4,3
989,,4,4,5,1,4,3,5,3,4,5,3
990,,4,4,4,1,3,3,4,3,3,3,3
991,,5,5,5,4,4,4,4,3,4,4,5
992,,5,5,5,1,4,4,4,5,4,4,5
993,,5,5,5,1,5,3,5,3,4,4,3
994,,4,4,4,1,4,3,5,3,4,4,3
995,,3,5,4,5,4,4,3,3,3,4,3
996,598,4,5,4,1,4,3,5,4,4,5,3
997,,3,4,3,1,3,3,4,3,3,4,3
998,,3,4,3,1,4,3,4,3,3,3,3
999,,5,5,5,1,5,5,4,4,4,4,4
1000,,3,4,4,1,3,3,5,3,4,4,3
1001,,5,4,5,1,4,3,5,3,4,4,3
1002,,5,5,5,1,4,3,4,2,4,4,5
1003,,5,5,5,3,5,4,5,3,3,4,2
1004,,2,2,1,2,4,4,3,3,2,2,2
1005,,5,5,5,1,5,4,5,2,2,3,2
1006,1330,5,4,5,1,3,2,5,5,4,4,3
1007,2140,5,4,5,1,3,2,5,5,4,4,3
1008,,5,5,5,1,5,4,4,3,4,4,3
1009,,3,4,4,1,3,3,5,3,3,3,2
1010,,5,4,4,1,4,3,4,3,3,2,2
1011,,3,5,4,1,5,3,5,3,5,5,4
1012,,4,4,5,5,3,3,5,3,4,4,5
1013,,5,5,5,1,5,4,5,3,3,5,2
1014,,3,4,4,1,4,3,5,3,4,4,3
1015,,3,5,4,1,4,5,5,1,4,5,4
1016,,4,4,4,5,4,3,4,3,4,4,3
1017,,4,4,4,1,3,3,5,3,4,4,4
1018,,4,5,5,1,4,3,5,4,3,4,3
1019,,3,4,4,1,3,3,5,3,4,5,4
1020,,4,5,4,1,5,4,5,2,4,4,3
1021,,5,5,5,1,5,5,4,2,4,4,3
1022,,4,4,5,3,3,3,5,3,4,4,4
1023,,2,2,2,5,4,3,2,4,2,4,2
1024,,4,4,5,1,3,3,5,3,4,5,4
1025,9259,2,3,2,3,4,3,4,5,3,3,2
1026,,5,4,5,3,3,3,5,3,3,5,5
1027,,4,4,5,1,3,3,5,3,4,5,4
1028,,4,4,5,1,3,3,5,3,4,4,5
1029,,5,5,5,1,5,4,5,5,5,5,3
1030,,3,4,4,1,4,3,5,2,4,4,3
1031,,5,5,5,3,5,5,4,3,4,5,5
1032,,5,5,5,1,4,3,4,2,4,4,5
1033,,5,5,5,5,4,5,5,1,4,5,4
1034,,3,4,4,1,3,3,4,3,4,4,3
1035,,5,4,5,1,3,3,4,3,4,4,3
1036,,4,5,5,1,4,3,5,3,3,4,4
1037,,5,5,5,1,5,5,4,4,4,5,3
1038,,5,5,5,1,5,3,5,4,4,5,3
1039,,4,5,5,1,5,4,5,3,4,4,3
1040,,3,3,3,1,3,3,4,3,3,4,3
1041,,2,5,3,3,5,5,4,3,4,4,4
1042,,5,5,5,1,5,3,4,3,4,5,3
1043,,5,4,5,1,5,3,5,1,4,5,5
1044,,3,4,5,3,4,3,3,3,3,4,3
1045,,3,4,5,1,5,3,5,3,4,4,2
1046,,5,4,5,4,4,3,5,3,4,4,3
1047,,4,4,4,1,3,3,4,1,4,4,4
1048,,5,4,5,1,4,3,4,3,5,4,5
