,movie_id,originality,immersive,impactful,connected,visuals,visual_effects,performance_of_actors,trailer_or_spoiler,plot_quality_rating,end_feeling_ending_rating,pacing_efficiency
0,31437,4,5,5,5,4,4,5,1,5,5,4
1,41292,4,5,5,5,4,4,5,1,5,5,4
2,31345,5,5,5,3,5,4,5,3,5,5,4
3,41293,5,5,5,3,5,4,5,3,5,5,4
4,41294,5,5,5,5,5,5,5,5,5,5,5
5,41295,5,5,5,5,5,4,5,5,5,5,4
6,32345,5,5,5,1,4,1,5,3,5,5,5
7,41296,5,5,5,1,4,1,5,3,5,5,5
8,31472,5,5,5,5,5,5,4,1,5,5,4
9,41297,5,5,5,5,5,5,4,1,5,5,4
10,31435,5,5,5,1,4,3,5,3,5,4,4
11,34512,5,5,5,1,4,3,5,3,5,4,4
12,41298,5,5,5,1,4,3,5,3,5,4,4
13,31428,5,5,5,1,5,4,5,2,5,5,3
14,41299,5,5,5,1,5,4,5,2,5,5,3
15,31512,5,5,5,5,5,5,4,5,4,5,5
16,37536,5,5,5,5,5,5,4,5,4,5,5
17,41300,5,5,5,5,5,5,4,5,4,5,5
18,35102,5,5,5,1,5,4,5,4,5,5,4
19,41301,5,5,5,1,5,4,5,4,5,5,4
20,31465,5,5,5,5,5,5,5,1,5,5,3
21,41302,5,5,5,5,5,5,5,1,5,5,3
22,31433,4,5,5,1,4,5,5,3,4,4,4
23,34469,4,5,5,1,4,5,5,3,4,4,4
24,41303,4,5,5,1,4,5,5,3,4,4,4
25,41304,5,5,5,3,5,4,5,3,5,5,3
26,31470,4,5,5,5,5,5,5,5,4,4,4
27,41305,4,5,5,5,5,5,5,5,4,4,4
28,41306,5,5,5,4,5,5,4,5,5,5,5
29,34095,5,5,5,1,5,4,5,3,5,5,5
30,41307,5,5,5,1,5,4,5,3,5,5,5
31,33408,5,5,5,5,5,5,4,5,5,5,5
32,41308,5,5,5,5,5,5,4,5,5,5,5
33,31357,5,5,5,1,4,3,5,5,5,5,3
34,41309,5,5,5,1,4,3,5,5,5,5,3
35,40704,5,5,5,1,4,3,5,2,5,5,5
36,41310,5,5,5,1,4,3,5,2,5,5,5
37,40483,5,5,5,5,5,4,5,5,5,5,5
38,41311,5,5,5,5,5,4,5,5,5,5,5
39,41312,3,4,4,1,3,3,5,3,4,4,4
40,38999,4,5,5,1,5,5,4,4,4,4,3
41,41313,4,5,5,1,5,5,4,4,4,4,3
42,41314,5,5,5,1,5,4,5,4,5,5,5
43,41315,5,5,5,1,5,5,5,3,5,5,3
44,31451,4,5,5,1,5,5,5,4,4,5,4
45,35014,4,5,5,1,5,5,5,4,4,5,4
46,41316,4,5,5,1,5,5,5,4,4,5,4
47,31455,4,5,5,1,3,3,5,3,4,5,3
48,41317,4,5,5,1,3,3,5,3,4,5,3
49,41318,5,4,5,1,4,3,5,3,4,5,3
50,34646,5,5,5,1,5,4,5,5,5,5,4
51,41319,5,5,5,1,5,4,5,5,5,5,4
52,31418,5,5,5,3,4,3,5,4,5,5,4
53,41320,5,5,5,3,4,3,5,4,5,5,4
54,33276,5,5,5,5,5,5,3,1,4,5,4
55,41321,5,5,5,5,5,5,3,1,4,5,4
56,41322,5,5,5,1,5,4,5,5,5,5,3
57,32261,5,5,5,1,5,4,5,1,5,5,4
58,41323,5,5,5,1,5,4,5,1,5,5,4
59,31235,4,4,5,3,3,3,5,3,4,5,3
60,41324,4,4,5,3,3,3,5,3,4,5,3
61,31579,4,5,5,3,5,4,5,3,4,4,3
62,40518,4,5,5,3,5,4,5,3,4,4,3
63,41325,4,5,5,3,5,4,5,3,4,4,3
64,31547,5,5,5,1,4,3,5,3,5,5,5
65,39188,5,5,5,1,4,3,5,3,5,5,5
66,41326,5,5,5,1,4,3,5,3,5,5,5
67,41327,4,4,5,1,3,3,5,3,4,4,4
68,41328,5,5,5,1,4,4,5,5,5,5,4
69,31485,3,4,5,1,3,3,5,3,4,4,4
70,41329,3,4,5,1,3,3,5,3,4,4,4
71,31471,4,5,5,1,4,3,5,3,5,4,3
72,41330,4,5,5,1,4,3,5,3,5,4,3
73,31458,4,5,5,1,5,4,5,3,4,4,4
74,35243,4,5,5,1,5,4,5,3,4,4,4
75,41331,4,5,5,1,5,4,5,3,4,4,4
76,34918,4,5,5,1,4,3,5,3,4,4,3
77,41332,4,5,5,1,4,3,5,3,4,4,3
78,41333,5,5,5,1,4,3,5,5,5,5,4
79,41334,4,4,5,1,4,3,5,4,4,5,3
80,41335,4,5,5,5,5,5,5,1,4,5,4
81,41336,4,5,5,5,5,5,5,5,5,5,5
82,41337,4,5,5,1,4,3,5,3,4,5,3
83,41338,5,5,5,5,5,4,5,3,5,5,3
84,33666,5,5,5,4,4,4,5,2,5,5,5
85,41339,5,5,5,4,4,4,5,2,5,5,5
86,32835,5,5,5,1,5,4,5,5,5,5,3
87,41340,5,5,5,1,5,4,5,5,5,5,3
88,364,5,5,5,3,5,4,5,5,5,5,4
89,868,5,5,5,3,5,4,5,5,5,5,4
90,32478,5,5,5,3,5,4,5,5,5,5,4
91,41341,5,5,5,3,5,4,5,5,5,5,4
92,31219,5,5,5,5,4,3,5,3,5,5,4
93,31946,5,5,5,5,4,3,5,3,5,5,4
94,41342,5,5,5,5,4,3,5,3,5,5,4
95,31802,5,5,5,1,5,4,5,1,4,5,4
96,41343,5,5,5,1,5,4,5,1,4,5,4
97,31696,5,5,5,1,4,3,5,2,5,5,4
98,41344,5,5,5,1,4,3,5,2,5,5,4
99,41345,5,5,5,5,4,3,5,3,5,4,3
100,41346,4,4,4,1,3,3,4,3,4,4,3
101,41347,4,4,4,3,3,3,5,3,4,4,4
102,39691,5,5,5,1,5,5,5,4,5,5,4
103,41348,5,5,5,1,5,5,5,4,5,5,4
104,39606,4,4,5,4,3,3,5,3,4,5,4
105,41349,4,4,5,4,3,3,5,3,4,5,4
106,41350,5,5,5,5,5,5,5,3,5,5,5
107,40426,3,5,5,5,4,5,5,5,4,5,4
108,41351,3,5,5,5,4,5,5,5,4,5,4
109,40147,4,5,5,5,5,5,4,5,4,5,5
110,41352,4,5,5,5,5,5,4,5,4,5,5
111,39912,5,5,5,5,5,5,5,4,5,5,4
112,41353,5,5,5,5,5,5,5,4,5,5,4
113,31529,4,5,5,1,4,4,5,3,4,5,4
114,38177,4,5,5,1,4,4,5,3,4,5,4
115,41354,4,5,5,1,4,4,5,3,4,5,4
116,41355,3,4,4,5,4,4,4,4,3,4,3
117,37050,4,4,5,4,3,3,5,3,4,5,4
118,41356,4,4,5,4,3,3,5,3,4,5,4
119,41357,4,4,5,5,4,4,5,3,4,5,3
120,41358,5,5,5,1,5,5,5,5,4,5,4
121,41359,5,5,5,1,4,3,5,4,5,5,4
122,41360,5,5,5,5,5,4,5,1,5,5,4
123,35270,5,5,5,1,4,3,5,5,5,5,5
124,41361,5,5,5,1,4,3,5,5,5,5,5
125,34874,5,5,5,1,5,4,4,4,5,5,4
126,41362,5,5,5,1,5,4,4,4,5,5,4
127,41363,5,5,5,1,5,4,5,5,5,5,3
128,31382,5,5,5,5,5,5,5,4,5,4,5
129,33461,5,5,5,5,5,5,5,4,5,4,5
130,41364,5,5,5,5,5,5,5,4,5,4,5
131,206,5,5,5,5,5,5,5,4,4,5,3
132,41365,5,5,5,5,5,5,5,4,4,5,3
133,31372,5,5,5,1,5,4,5,3,4,5,3
134,33325,5,5,5,1,5,4,5,3,4,5,3
135,41366,5,5,5,1,5,4,5,3,4,5,3
136,220,5,5,5,1,5,5,5,4,5,5,3
137,33321,5,5,5,1,5,5,5,4,5,5,3
138,41367,5,5,5,1,5,5,5,4,5,5,3
139,32940,4,4,5,1,3,1,5,3,4,5,3
140,41368,4,4,5,1,3,1,5,3,4,5,3
141,41369,5,5,5,1,5,4,5,4,5,5,5
142,32628,5,4,5,5,4,4,5,3,5,5,4
143,41370,5,4,5,5,4,4,5,3,5,5,4
144,31285,4,5,5,3,4,3,5,5,5,5,4
145,32382,4,5,5,3,4,3,5,5,5,5,4
146,41371,4,5,5,3,4,3,5,5,5,5,4
147,32371,5,5,5,1,4,3,5,3,5,5,4
148,41372,5,5,5,1,4,3,5,3,5,5,4
149,27890,5,5,5,5,4,3,5,4,5,4,4
150,32256,5,5,5,5,4,3,5,4,5,4,4
151,41373,5,5,5,5,4,3,5,4,5,4,4
152,32154,5,5,5,1,5,4,5,5,5,5,4
153,41374,5,5,5,1,5,4,5,5,5,5,4
154,31199,5,4,5,5,4,3,5,3,4,5,3
155,41375,5,4,5,5,4,3,5,3,4,5,3
156,40396,5,5,5,1,5,4,4,3,4,4,4
157,41376,5,5,5,1,5,4,4,3,4,4,4
158,2141,5,5,5,1,5,4,4,4,5,4,3
159,41377,5,5,5,1,5,4,4,4,5,4,3
160,40136,5,5,5,1,4,4,5,4,5,5,5
161,41378,5,5,5,1,4,4,5,4,5,5,5
162,41379,4,4,4,1,3,3,5,5,5,5,3
163,38253,4,5,5,1,4,3,5,5,5,5,3
164,41380,4,5,5,1,4,3,5,5,5,5,3
165,41381,5,5,5,1,4,3,5,5,5,5,4
166,37535,5,5,5,1,4,3,5,3,5,5,3
167,41382,5,5,5,1,4,3,5,3,5,5,3
168,41383,3,4,5,1,3,3,5,3,4,5,3
169,41384,3,4,5,3,3,3,5,4,4,5,3
170,31504,5,5,5,5,5,4,5,3,4,5,4
171,37217,5,5,5,5,5,4,5,3,4,5,4
172,41385,5,5,5,5,5,4,5,3,4,5,4
173,35930,5,5,5,1,4,5,5,3,5,5,4
174,41386,5,5,5,1,4,5,5,3,5,5,4
175,41387,5,5,5,1,5,4,5,3,4,4,3
176,41388,4,5,5,4,4,3,5,4,4,4,5
177,35289,5,5,5,1,5,4,5,4,5,5,4
178,41389,5,5,5,1,5,4,5,4,5,5,4
179,31453,5,4,5,1,5,3,5,3,4,5,3
180,35060,5,4,5,1,5,3,5,3,4,5,3
181,41390,5,4,5,1,5,3,5,3,4,5,3
182,31447,4,4,5,4,3,3,5,3,4,4,4
183,34848,4,4,5,4,3,3,5,3,4,4,4
184,41391,4,4,5,4,3,3,5,3,4,4,4
185,41392,5,5,5,5,5,5,5,3,5,4,3
186,34657,5,5,5,1,5,5,5,1,5,5,5
187,41393,5,5,5,1,5,5,5,1,5,5,5
188,31438,3,4,5,4,4,4,4,2,4,5,3
189,34562,3,4,5,4,4,4,4,2,4,5,3
190,41394,3,4,5,4,4,4,4,2,4,5,3
191,34307,5,5,5,1,4,3,5,5,5,5,4
192,41395,5,5,5,1,4,3,5,5,5,5,4
193,33849,4,4,5,1,4,4,5,3,4,4,3
194,41396,4,4,5,1,4,4,5,3,4,4,3
195,41397,5,5,5,1,5,4,5,4,5,5,3
196,33747,5,5,5,5,5,5,5,4,5,5,5
197,41398,5,5,5,5,5,5,5,4,5,5,5
198,31390,5,5,5,1,5,4,5,3,5,5,4
199,33594,5,5,5,1,5,4,5,3,5,5,4
200,41399,5,5,5,1,5,4,5,3,5,5,4
201,31735,4,4,5,1,4,3,5,3,4,5,3
202,33572,4,4,5,1,4,3,5,3,4,5,3
203,41400,4,4,5,1,4,3,5,3,4,5,3
204,33574,3,4,5,5,5,5,4,4,3,5,3
205,41401,3,4,5,5,5,5,4,4,3,5,3
206,33420,5,5,5,1,5,5,5,5,5,5,3
207,41402,5,5,5,1,5,5,5,5,5,5,3
208,31365,5,5,5,1,5,3,5,3,5,5,3
209,33224,5,5,5,1,5,3,5,3,5,5,3
210,41403,5,5,5,1,5,3,5,3,5,5,3
211,31348,4,5,5,1,4,4,5,5,5,5,4
212,41404,4,5,5,1,4,4,5,5,5,5,4
213,31341,5,5,5,1,5,4,5,3,5,4,3
214,32938,5,5,5,1,5,4,5,3,5,4,3
215,41405,5,5,5,1,5,4,5,3,5,4,3
216,32806,5,5,5,1,5,5,3,3,4,5,3
217,41406,5,5,5,1,5,5,3,3,4,5,3
218,41407,4,5,5,5,5,3,5,3,4,5,4
219,31300,5,5,5,1,5,4,5,2,4,4,3
220,32554,5,5,5,1,5,4,5,2,4,4,3
221,41408,5,5,5,1,5,4,5,2,4,4,3
222,30483,5,4,5,1,4,3,5,1,5,5,4
223,31294,5,4,5,1,4,3,5,1,5,5,4
224,41409,5,4,5,1,4,3,5,1,5,5,4
225,41410,4,5,5,1,5,4,5,5,5,5,5
226,32413,5,5,5,1,5,5,5,4,5,5,4
227,41411,5,5,5,1,5,5,5,4,5,5,4
228,41412,4,4,5,3,5,4,5,3,4,4,4
229,32184,5,5,5,1,4,3,5,3,5,5,3
230,41413,5,5,5,1,4,3,5,3,5,5,3
231,41414,5,5,5,1,4,1,5,3,5,5,3
232,31229,5,5,5,1,5,4,5,5,5,5,5
233,31994,5,5,5,1,5,4,5,5,5,5,5
234,41415,5,5,5,1,5,4,5,5,5,5,5
235,31206,5,5,5,1,5,5,5,5,5,5,4
236,31922,5,5,5,1,5,5,5,5,5,5,4
237,41416,5,5,5,1,5,5,5,5,5,5,4
238,41417,5,5,5,1,5,4,5,3,5,5,4
239,31651,5,5,5,4,5,5,4,2,4,3,2
240,41418,5,5,5,4,5,5,4,2,4,3,2
241,41419,5,4,5,1,4,3,5,1,4,5,3
242,41420,3,4,4,3,3,3,4,3,4,4,4
243,41421,2,4,5,1,4,4,5,4,4,4,4
244,40265,3,4,5,4,4,3,4,3,2,4,4
245,41422,3,4,5,4,4,3,4,3,2,4,4
246,31570,2,3,3,1,3,3,5,3,3,3,3
247,40227,2,3,3,1,3,3,5,3,3,3,3
248,41423,2,3,3,1,3,3,5,3,3,3,3
249,31569,4,4,5,1,3,3,5,3,4,4,4
250,40093,4,4,5,1,3,3,5,3,4,4,4
251,41424,4,4,5,1,3,3,5,3,4,4,4
252,41425,4,4,5,1,3,3,5,3,5,5,4
253,41426,4,5,5,5,5,4,5,4,4,4,3
254,40529,5,5,5,1,5,5,5,3,5,5,5
255,41427,5,5,5,1,5,5,5,3,5,5,5
256,39109,5,5,5,1,4,3,5,3,4,5,4
257,40324,5,5,5,1,4,3,5,3,4,5,4
258,41428,5,5,5,1,4,3,5,3,4,5,4
259,41429,4,4,5,1,3,3,5,4,4,5,3
260,41430,3,4,4,1,4,3,5,4,4,4,3
261,41431,5,5,5,3,4,3,5,3,4,4,3
262,41432,5,4,5,1,4,3,5,3,4,4,3
263,41433,4,4,4,1,3,3,5,3,4,4,3
264,41434,4,4,5,4,4,3,5,3,4,5,4
265,38063,3,4,4,4,3,3,5,3,4,4,4
266,38064,3,4,4,4,3,3,5,3,4,4,4
267,41435,3,4,4,4,3,3,5,3,4,4,4
268,37646,3,4,4,1,4,4,5,2,4,5,3
269,41436,3,4,4,1,4,4,5,2,4,5,3
270,31506,5,5,5,1,5,5,5,3,4,5,4
271,37358,5,5,5,1,5,5,5,3,4,5,4
272,41437,5,5,5,1,5,5,5,3,4,5,4
273,31541,4,5,5,1,4,3,5,3,4,4,5
274,41438,4,5,5,1,4,3,5,3,4,4,5
275,41439,4,4,5,4,3,3,5,3,4,5,4
276,31494,5,5,5,1,5,4,5,3,5,5,3
277,36748,5,5,5,1,5,4,5,3,5,5,3
278,41440,5,5,5,1,5,4,5,3,5,5,3
279,41441,5,5,5,5,5,5,5,5,4,4,3
280,31515,4,5,5,5,5,5,5,4,5,5,5
281,37681,4,5,5,5,5,5,5,4,5,5,5
282,41442,4,5,5,5,5,5,5,4,5,5,5
283,36261,4,4,5,1,4,3,4,3,4,4,3
284,41443,4,4,5,1,4,3,4,3,4,4,3
285,36466,4,4,5,5,4,3,5,4,4,5,4
286,41444,4,4,5,5,4,3,5,4,4,5,4
287,16041,4,4,5,1,4,3,5,4,4,4,3
288,41445,4,4,5,1,4,3,5,4,4,4,3
289,36087,4,4,5,4,4,4,5,4,4,5,4
290,41446,4,4,5,4,4,4,5,4,4,5,4
291,41447,4,4,5,5,4,3,5,3,4,4,3
292,41448,4,5,5,1,4,4,5,1,4,5,3
293,41449,4,5,4,1,5,5,4,4,3,3,2
294,31462,4,4,4,1,3,3,5,5,4,4,3
295,35336,4,4,4,1,3,3,5,5,4,4,3
296,41450,4,4,4,1,3,3,5,5,4,4,3
297,41451,4,4,5,3,3,3,5,3,5,5,4
298,34975,5,5,5,4,4,3,4,4,4,5,5
299,41452,5,5,5,4,4,3,4,4,4,5,5
300,31448,4,5,5,5,5,4,5,3,5,4,4
301,34865,4,5,5,5,5,4,5,3,5,4,4
302,41453,4,5,5,5,5,4,5,3,5,4,4
303,41454,4,4,5,1,4,3,5,3,4,4,3
304,24931,5,5,5,1,5,4,5,3,5,5,4
305,34603,5,5,5,1,5,4,5,3,5,5,4
306,41455,5,5,5,1,5,4,5,3,5,5,4
307,34566,4,5,5,5,5,4,5,3,4,5,4
308,41456,4,5,5,5,5,4,5,3,4,5,4
309,41457,5,4,5,3,3,3,5,3,3,4,4
310,31423,5,5,5,1,5,4,5,3,5,5,3
311,34325,5,5,5,1,5,4,5,3,5,5,3
312,41458,5,5,5,1,5,4,5,3,5,5,3
313,34021,3,5,5,5,4,4,5,3,4,4,5
314,41459,3,5,5,5,4,4,5,3,4,4,5
315,41460,5,5,5,1,4,3,5,4,4,5,3
316,33976,5,5,5,3,5,5,5,1,4,5,3
317,41461,5,5,5,3,5,5,5,1,4,5,3
318,33929,4,5,5,1,3,3,5,3,5,5,5
319,41462,4,5,5,1,3,3,5,3,5,5,5
320,33721,5,5,5,1,5,5,5,3,5,5,3
321,41463,5,5,5,1,5,5,5,3,5,5,3
322,31377,5,5,5,1,5,4,5,3,5,5,3
323,33404,5,5,5,1,5,4,5,3,5,5,3
324,41464,5,5,5,1,5,4,5,3,5,5,3
325,5834,5,5,5,1,5,4,5,4,4,5,3
326,8591,5,5,5,1,5,4,5,4,4,5,3
327,8760,5,5,5,1,5,4,5,4,4,5,3
328,14481,5,5,5,1,5,4,5,4,4,5,3
329,27157,5,5,5,1,5,4,5,4,4,5,3
330,27939,5,5,5,1,5,4,5,4,4,5,3
331,28306,5,5,5,1,5,4,5,4,4,5,3
332,29117,5,5,5,1,5,4,5,4,4,5,3
333,33361,5,5,5,1,5,4,5,4,4,5,3
334,41465,5,5,5,1,5,4,5,4,4,5,3
335,41466,5,5,5,1,5,3,5,5,5,5,3
336,13084,4,4,5,1,4,3,4,1,4,4,3
337,41467,4,4,5,1,4,3,4,1,4,4,3
338,41468,4,5,5,1,4,4,5,3,5,4,4
339,33172,5,3,5,1,3,2,5,1,3,2,3
340,41469,5,3,5,1,3,2,5,1,3,2,3
341,41470,4,4,5,1,4,3,5,1,4,4,4
342,32565,5,5,5,3,4,3,5,3,5,5,3
343,41471,5,5,5,3,4,3,5,3,5,5,3
344,41472,5,5,5,5,5,4,5,1,5,5,4
345,41473,4,4,5,1,3,3,5,4,5,5,3
346,32445,5,4,5,1,4,3,5,3,4,5,4
347,41474,5,4,5,1,4,3,5,3,4,5,4
348,41475,5,5,5,1,5,4,5,1,4,5,3
349,41476,5,5,5,1,5,4,5,1,5,5,3
350,41477,5,5,5,1,4,3,4,5,5,5,4
351,32243,3,4,4,1,4,3,5,4,5,5,4
352,41478,3,4,4,1,4,3,5,4,5,5,4
353,41479,4,5,5,1,5,1,5,1,5,5,3
354,41480,5,5,5,5,5,5,5,3,5,4,3
355,31250,5,5,5,4,4,1,5,2,5,5,4
356,32135,5,5,5,4,4,1,5,2,5,5,4
357,41481,5,5,5,4,4,1,5,2,5,5,4
358,31245,5,5,5,3,4,3,5,4,5,5,3
359,41482,5,5,5,3,4,3,5,4,5,5,3
360,31962,5,4,5,1,4,3,5,5,5,5,5
361,41483,5,4,5,1,4,3,5,5,5,5,5
362,41484,5,4,5,3,4,4,5,3,4,4,3
363,31627,5,5,5,1,5,5,5,1,3,3,5
364,41485,5,5,5,1,5,5,5,1,3,3,5
365,41486,4,5,5,1,5,3,5,4,5,5,3
366,39771,4,4,5,1,3,3,5,3,4,4,4
367,41487,4,4,5,1,3,3,5,3,4,4,4
368,39694,4,5,5,1,5,4,5,3,4,4,3
369,41488,4,5,5,1,5,4,5,3,4,4,3
370,39601,4,5,5,1,3,3,4,5,5,5,5
371,41489,4,5,5,1,3,3,4,5,5,5,5
372,41490,5,5,5,1,5,4,5,5,5,5,4
373,16142,5,5,5,1,5,4,5,2,4,5,4
374,17700,5,5,5,1,5,4,5,2,4,5,4
375,39056,5,5,5,1,5,4,5,2,4,5,4
376,41491,5,5,5,1,5,4,5,2,4,5,4
377,38969,5,5,5,5,5,4,5,3,4,5,4
378,41492,5,5,5,5,5,4,5,3,4,5,4
379,16920,4,4,5,3,4,3,5,3,4,5,3
380,40014,4,4,5,3,4,3,5,3,4,5,3
381,41493,4,4,5,3,4,3,5,3,4,5,3
382,31555,4,5,5,1,4,3,5,4,5,5,3
383,39443,4,5,5,1,4,3,5,4,5,5,3
384,41494,4,5,5,1,4,3,5,4,5,5,3
385,39113,5,4,5,4,3,3,5,3,5,5,4
386,41495,5,4,5,4,3,3,5,3,5,5,4
387,11554,4,5,4,4,5,5,4,3,4,4,3
388,14236,4,5,4,4,5,5,4,3,4,4,3
389,40780,4,5,4,4,5,5,4,3,4,4,3
390,41496,4,5,4,4,5,5,4,3,4,4,3
391,41497,4,4,5,1,5,1,5,3,3,4,2
392,39090,4,4,5,1,3,3,5,3,4,4,3
393,41498,4,4,5,1,3,3,5,3,4,4,3
394,41499,4,4,4,1,3,3,4,3,4,4,4
395,31543,5,5,5,1,5,4,5,3,4,4,5
396,41500,5,5,5,1,5,4,5,3,4,4,5
397,38961,4,5,5,1,5,4,5,5,5,4,4
398,41501,4,5,5,1,5,4,5,5,5,4,4
399,41502,4,5,5,1,5,4,5,3,4,4,3
400,31559,4,5,5,1,4,4,4,3,4,5,3
401,39655,4,5,5,1,4,4,4,3,4,5,3
402,41503,4,5,5,1,4,4,4,3,4,5,3
403,39343,5,5,5,5,5,5,5,4,5,5,4
404,41504,5,5,5,5,5,5,5,4,5,5,4
405,38119,4,4,4,1,5,4,5,3,4,4,4
406,41505,4,4,4,1,5,4,5,3,4,4,4
407,31533,4,5,5,5,5,4,5,3,5,4,3
408,38428,4,5,5,5,5,4,5,3,5,4,3
409,41506,4,5,5,5,5,4,5,3,5,4,3
410,38737,3,4,4,1,4,4,5,3,4,4,4
411,41507,3,4,4,1,4,4,5,3,4,4,4
412,40476,3,5,4,4,5,5,5,3,4,4,4
413,41508,3,5,4,4,5,5,5,3,4,4,4
414,31548,3,4,5,1,3,3,5,3,5,5,4
415,39464,3,4,5,1,3,3,5,3,5,5,4
416,41509,3,4,5,1,3,3,5,3,5,5,4
417,39141,4,5,5,1,5,4,4,3,4,4,3
418,41510,4,5,5,1,5,4,4,3,4,4,3
419,38259,4,4,5,1,3,3,5,5,5,5,5
420,41511,4,4,5,1,3,3,5,5,5,5,5
421,41512,4,4,4,4,5,3,4,3,3,4,3
422,38725,4,5,5,1,5,4,5,3,5,4,4
423,41513,4,5,5,1,5,4,5,3,5,4,4
424,31552,5,5,5,2,5,5,4,4,4,5,5
425,39384,5,5,5,2,5,5,4,4,4,5,5
426,41514,5,5,5,2,5,5,4,4,4,5,5
427,36784,4,5,5,1,3,3,5,4,4,5,5
428,41515,4,5,5,1,3,3,5,4,4,5,5
429,36883,4,4,5,1,3,3,4,3,3,4,3
430,41516,4,4,5,1,3,3,4,3,3,4,3
431,37867,2,4,5,5,4,5,4,3,4,4,4
432,41517,2,4,5,5,4,5,4,3,4,4,4
433,41518,5,5,5,1,4,3,5,3,5,5,4
434,41519,2,4,4,1,3,3,4,3,3,4,3
435,37258,5,4,5,1,5,5,5,3,4,4,3
436,41520,5,4,5,1,5,5,5,3,4,4,3
437,37524,4,5,5,4,5,5,4,3,4,5,4
438,41521,4,5,5,4,5,5,4,3,4,5,4
439,36644,4,5,5,1,5,4,5,2,4,4,3
440,41522,4,5,5,1,5,4,5,2,4,4,3
441,31490,5,5,5,1,5,4,5,3,5,5,3
442,36689,5,5,5,1,5,4,5,3,5,5,3
443,41523,5,5,5,1,5,4,5,3,5,5,3
444,41524,5,4,5,5,3,3,5,3,4,5,4
445,31476,4,5,5,1,4,3,5,5,5,5,3
446,35982,4,5,5,1,4,3,5,5,5,5,3
447,41525,4,5,5,1,4,3,5,5,5,5,3
448,35953,4,5,5,1,4,3,5,2,5,5,4
449,41526,4,5,5,1,4,3,5,2,5,5,4
450,41527,3,4,4,1,4,4,4,3,4,4,4
451,35892,4,5,5,5,3,1,5,3,4,5,3
452,41528,4,5,5,5,3,1,5,3,4,5,3
453,41529,4,4,5,3,3,3,5,3,4,4,4
454,41530,5,5,5,1,4,3,5,3,5,5,4
455,41531,4,4,5,1,4,3,4,2,4,4,3
456,35783,5,5,5,3,5,4,5,3,4,4,4
457,41532,5,5,5,3,5,4,5,3,4,4,4
458,35748,4,4,4,3,5,5,4,3,4,4,4
459,41533,4,4,4,3,5,5,4,3,4,4,4
460,35551,4,4,4,4,4,4,5,3,4,4,4
461,41534,4,4,4,4,4,4,5,3,4,4,4
462,41535,5,5,5,5,4,3,5,5,5,4,4
463,35444,5,5,5,5,5,5,5,3,4,5,4
464,41536,5,5,5,5,5,5,5,3,4,5,4
465,41537,5,5,5,5,5,5,5,5,4,5,4
466,41538,4,5,5,1,4,3,4,3,4,5,2
467,31457,5,5,5,1,4,3,5,5,5,5,4
468,41539,5,5,5,1,4,3,5,5,5,5,4
469,41540,5,3,4,1,5,4,5,3,3,5,2
470,41541,5,5,5,5,4,4,5,3,5,5,4
471,41542,5,5,5,1,4,3,4,2,4,4,4
472,41543,5,5,5,1,4,3,5,3,3,4,3
473,41544,5,5,5,1,5,4,5,3,4,5,3
474,34784,5,5,5,1,5,4,5,3,4,4,5
475,41545,5,5,5,1,5,4,5,3,4,4,5
476,31442,5,5,5,1,5,4,5,3,5,5,4
477,34704,5,5,5,1,5,4,5,3,5,5,4
478,41546,5,5,5,1,5,4,5,3,5,5,4
479,7409,5,5,5,1,4,3,4,3,4,4,2
480,34659,5,5,5,1,4,3,4,3,4,4,2
481,41547,5,5,5,1,4,3,4,3,4,4,2
482,41548,5,5,5,1,5,3,5,4,4,5,4
483,34585,3,4,5,1,4,3,5,1,4,5,3
484,41549,3,4,5,1,4,3,5,1,4,5,3
485,34559,4,5,5,5,4,3,5,2,4,5,3
486,41550,4,5,5,5,4,3,5,2,4,5,3
487,41551,5,5,5,5,5,4,5,1,5,5,4
488,41552,5,5,5,3,5,4,5,2,4,4,3
489,34382,5,5,5,3,5,5,4,3,5,4,5
490,41553,5,5,5,3,5,5,4,3,5,4,5
491,31430,3,5,5,1,4,3,5,3,5,5,4
492,34377,3,5,5,1,4,3,5,3,5,5,4
493,41554,3,5,5,1,4,3,5,3,5,5,4
494,41555,5,5,5,5,5,5,5,5,5,5,4
495,41556,4,5,5,1,5,4,5,3,4,5,3
496,31413,3,4,5,3,3,3,5,3,4,5,3
497,34004,3,4,5,3,3,3,5,3,4,5,3
498,41557,3,4,5,3,3,3,5,3,4,5,3
499,41558,4,5,5,1,4,3,5,2,4,5,3
500,31399,5,5,5,1,4,4,5,3,5,5,4
501,33800,5,5,5,1,4,4,5,3,5,5,4
502,41559,5,5,5,1,4,4,5,3,5,5,4
503,33633,5,5,5,1,5,3,5,5,4,5,3
504,41560,5,5,5,1,5,3,5,5,4,5,3
505,33621,5,5,5,4,5,4,4,3,4,4,3
506,41561,5,5,5,4,5,4,4,3,4,4,3
507,249,5,5,5,1,4,5,4,4,5,5,3
508,588,5,5,5,1,4,5,4,4,5,5,3
509,41562,5,5,5,1,4,5,4,4,5,5,3
510,41563,5,5,5,1,5,5,4,3,4,5,3
511,41564,5,5,5,1,5,4,5,3,4,4,3
512,41565,5,5,5,1,5,4,5,3,4,5,2
513,33479,5,5,5,4,5,5,4,3,4,4,3
514,41566,5,5,5,4,5,5,4,3,4,4,3
515,31376,4,5,5,1,5,5,5,3,4,5,3
516,41567,4,5,5,1,5,5,5,3,4,5,3
517,33340,5,4,5,1,3,3,5,2,4,5,4
518,41568,5,4,5,1,3,3,5,2,4,5,4
519,31368,5,5,5,1,4,4,5,3,4,4,3
520,41569,5,5,5,1,4,4,5,3,4,4,3
521,31362,4,4,5,3,3,3,5,4,4,5,3
522,33218,4,4,5,3,3,3,5,4,4,5,3
523,41570,4,4,5,3,3,3,5,4,4,5,3
524,31364,5,4,5,1,3,2,5,4,5,5,4
525,33213,5,4,5,1,3,2,5,4,5,5,4
526,41571,5,4,5,1,3,2,5,4,5,5,4
527,31358,4,5,5,1,5,4,4,3,4,4,2
528,33147,4,5,5,1,5,4,4,3,4,4,2
529,41572,4,5,5,1,5,4,4,3,4,4,2
530,41573,5,5,5,4,5,4,4,1,4,5,3
531,31353,4,5,5,1,5,4,5,5,5,5,3
532,33113,4,5,5,1,5,4,5,5,5,5,3
533,41574,4,5,5,1,5,4,5,5,5,5,3
534,33087,4,5,4,1,5,3,5,1,4,4,3
535,41575,4,5,4,1,5,3,5,1,4,4,3
536,41576,5,5,5,1,5,1,5,4,4,5,3
537,35658,5,5,5,1,5,4,4,4,4,5,2
538,41577,5,5,5,1,5,4,4,4,4,5,2
539,41578,5,5,5,1,5,4,5,3,5,5,3
540,32771,5,5,5,1,4,3,5,3,4,4,3
541,41579,5,5,5,1,4,3,5,3,4,4,3
542,8932,5,5,5,1,5,4,5,1,5,5,3
543,32744,5,5,5,1,5,4,5,1,5,5,3
544,41580,5,5,5,1,5,4,5,1,5,5,3
545,32709,5,5,5,4,5,3,5,1,4,5,2
546,41581,5,5,5,4,5,3,5,1,4,5,2
547,32733,5,5,5,1,4,3,5,3,5,5,4
548,41582,5,5,5,1,4,3,5,3,5,5,4
549,41583,5,5,5,1,4,1,4,3,5,5,3
550,980,5,5,5,3,4,3,5,5,4,5,4
551,32572,5,5,5,3,4,3,5,5,4,5,4
552,41584,5,5,5,3,4,3,5,5,4,5,4
553,32601,3,4,4,3,5,4,5,3,4,5,3
554,41585,3,4,4,3,5,4,5,3,4,5,3
555,41586,4,4,5,3,4,3,5,5,4,4,3
556,32548,5,5,5,1,5,3,5,3,4,5,3
557,41587,5,5,5,1,5,3,5,3,4,5,3
558,41588,4,5,5,1,5,1,5,3,4,5,3
559,32463,3,4,5,1,3,3,5,3,4,4,3
560,41589,3,4,5,1,3,3,5,3,4,4,3
561,41590,5,4,5,4,4,3,5,2,4,5,3
562,31290,4,5,5,1,5,5,4,1,4,4,2
563,32425,4,5,5,1,5,5,4,1,4,4,2
564,39574,4,5,5,1,5,5,4,1,4,4,2
565,41591,4,5,5,1,5,5,4,1,4,4,2
566,41592,5,4,5,1,5,3,5,1,4,4,3
567,41593,4,4,5,3,4,3,5,3,4,5,3
568,41594,5,5,5,1,5,4,5,4,5,5,4
569,31283,4,5,5,1,5,4,5,3,4,4,3
570,41595,4,5,5,1,5,4,5,3,4,4,3
571,31269,4,4,5,1,4,3,5,2,4,5,3
572,32254,4,4,5,1,4,3,5,2,4,5,3
573,41596,4,4,5,1,4,3,5,2,4,5,3
574,41597,5,5,5,1,4,4,5,5,5,5,4
575,41598,5,4,5,1,4,3,5,3,4,4,3
576,41599,4,4,5,1,3,3,5,4,4,5,5
577,41600,5,5,5,4,5,4,5,5,5,5,3
578,3780,5,5,5,1,5,5,4,3,4,5,3
579,31243,5,5,5,1,5,5,4,3,4,5,3
580,41601,5,5,5,1,5,5,4,3,4,5,3
581,41602,4,4,5,1,3,1,5,3,4,5,4
582,31911,3,4,5,1,4,3,5,5,4,4,3
583,41603,3,4,5,1,4,3,5,5,4,4,3
584,31190,4,4,5,5,3,2,5,3,4,4,3
585,31876,4,4,5,5,3,2,5,3,4,4,3
586,41604,4,4,5,5,3,2,5,3,4,4,3
587,31865,3,4,5,1,5,4,5,2,4,4,2
588,41605,3,4,5,1,5,4,5,2,4,4,2
589,41606,5,5,5,1,4,1,5,3,5,5,3
590,31156,4,4,5,3,3,3,5,3,4,5,4
591,31768,4,4,5,3,3,3,5,3,4,5,4
592,41607,4,4,5,3,3,3,5,3,4,5,4
593,41608,5,5,5,1,5,1,5,1,5,5,2
594,41609,5,4,4,1,4,4,5,1,4,5,4
595,31654,5,5,5,1,5,5,5,1,5,5,3
596,41610,5,5,5,1,5,5,5,1,5,5,3
597,41611,5,5,5,1,5,5,5,1,5,5,4
598,41612,5,5,5,1,5,5,4,5,4,5,3
599,41613,4,4,4,4,3,3,5,3,4,4,4
600,41614,3,4,4,1,5,4,4,3,4,4,4
601,41615,3,4,4,1,3,3,4,3,3,3,4
602,41616,4,4,5,3,4,3,5,3,4,5,3
603,4958,3,4,4,1,3,3,5,3,3,4,3
604,20710,3,4,4,1,3,3,5,3,3,4,3
605,41617,3,4,4,1,3,3,5,3,3,4,3
606,31561,3,4,4,1,5,4,4,3,4,5,3
607,39698,3,4,4,1,5,4,4,3,4,5,3
608,41618,3,4,4,1,5,4,4,3,4,5,3
609,31562,4,4,4,1,4,3,5,3,4,5,3
610,39707,4,4,4,1,4,3,5,3,4,5,3
611,41619,4,4,4,1,4,3,5,3,4,5,3
612,31553,4,4,4,4,5,5,4,3,4,4,4
613,41620,4,4,4,4,5,5,4,3,4,4,4
614,39851,4,5,4,3,5,5,5,3,4,4,4
615,41621,4,5,4,3,5,5,5,3,4,4,4
616,41622,4,4,5,4,4,4,4,4,3,2,3
617,41623,4,5,5,1,5,5,5,3,4,5,3
618,40118,3,4,4,4,3,4,4,3,3,4,3
619,41624,3,4,4,4,3,4,4,3,3,4,3
620,40491,4,4,4,1,4,3,5,2,4,4,4
621,41625,4,4,4,1,4,3,5,2,4,4,4
622,41626,4,4,3,1,3,3,5,2,4,5,4
623,38746,4,5,5,1,4,5,5,2,4,4,4
624,41627,4,5,5,1,4,5,5,2,4,4,4
625,41628,4,5,5,2,5,4,4,2,4,5,4
626,31544,3,4,4,1,3,4,5,2,4,4,4
627,41629,3,4,4,1,3,4,5,2,4,4,4
628,38966,4,4,4,2,4,5,5,2,3,4,4
629,41630,4,4,4,2,4,5,5,2,3,4,4
630,39894,4,5,5,4,5,5,5,1,4,4,3
631,41631,4,5,5,4,5,5,5,1,4,4,3
632,31538,5,5,5,1,5,4,5,1,4,4,3
633,38597,5,5,5,1,5,4,5,1,4,4,3
634,41632,5,5,5,1,5,4,5,1,4,4,3
635,31573,2,4,3,1,4,4,5,2,2,4,3
636,40167,2,4,3,1,4,4,5,2,2,4,3
637,41633,2,4,3,1,4,4,5,2,2,4,3
638,3122,4,5,5,1,5,5,5,2,3,4,3
639,31554,4,5,5,1,5,5,5,2,3,4,3
640,41634,4,5,5,1,5,5,5,2,3,4,3
641,41635,4,4,5,1,3,3,5,2,4,5,4
642,41636,4,5,5,4,4,4,5,2,5,5,5
643,31508,3,4,4,1,3,4,5,2,4,4,3
644,41637,3,4,4,1,3,4,5,2,4,4,3
645,31520,3,4,4,1,3,3,5,2,3,3,3
646,41638,3,4,4,1,3,3,5,2,3,3,3
647,39608,4,2,4,2,3,3,5,1,3,4,5
648,41639,4,2,4,2,3,3,5,1,3,4,5
649,41640,5,5,5,1,4,5,5,2,5,5,4
650,41641,5,5,5,1,4,3,5,2,4,4,4
651,37040,3,4,4,1,4,4,4,2,4,4,4
652,41642,3,4,4,1,4,4,4,2,4,4,4
653,41643,4,4,4,3,4,3,5,3,3,4,3
654,41644,3,5,5,1,4,3,4,2,4,4,4
655,31495,4,4,4,1,4,4,4,2,4,4,4
656,36993,4,4,4,1,4,4,4,2,4,4,4
657,41645,4,4,4,1,4,4,4,2,4,4,4
658,513,5,5,5,1,5,4,5,3,5,5,4
659,31510,5,5,5,1,5,4,5,3,5,5,4
660,37419,5,5,5,1,5,4,5,3,5,5,4
661,41646,5,5,5,1,5,4,5,3,5,5,4
662,36756,4,5,5,3,4,3,5,3,4,4,5
663,41647,4,5,5,3,4,3,5,3,4,4,5
664,41648,4,4,5,5,4,4,4,3,4,4,4
665,36702,5,4,5,4,5,4,4,3,4,4,4
666,41649,5,4,5,4,5,4,4,3,4,4,4
667,31536,4,4,5,1,3,1,5,3,4,4,3
668,38517,4,4,5,1,3,1,5,3,4,4,3
669,41650,4,4,5,1,3,1,5,3,4,4,3
670,41651,3,4,4,1,3,3,5,3,4,5,3
671,36311,3,5,5,5,5,4,5,4,4,4,4
672,41652,3,5,5,5,5,4,5,4,4,4,4
673,41653,4,5,5,5,4,4,5,3,4,5,5
674,41654,5,4,4,3,4,3,4,4,4,4,3
675,36231,5,5,5,3,5,5,4,3,4,4,5
676,41655,5,5,5,3,5,5,4,3,4,4,5
677,41656,5,5,5,1,4,3,5,3,4,4,3
678,35936,3,3,3,3,3,3,4,3,3,4,3
679,41657,3,3,3,3,3,3,4,3,3,4,3
680,36708,5,5,5,1,5,5,5,4,5,5,5
681,41658,5,5,5,1,5,5,5,4,5,5,5
682,32769,4,5,5,3,4,4,5,3,4,4,4
683,36324,4,5,5,3,4,4,5,3,4,4,4
684,41659,4,5,5,3,4,4,5,3,4,4,4
685,35966,5,4,5,5,4,3,5,2,4,4,3
686,41660,5,4,5,5,4,3,5,2,4,4,3
687,41661,4,5,5,4,5,4,5,4,4,5,3
688,41662,5,5,5,1,5,3,4,3,4,4,3
689,41663,4,5,5,1,4,3,5,3,4,4,3
690,36108,2,4,3,1,3,3,4,3,3,4,3
691,41664,2,4,3,1,3,3,4,3,3,4,3
692,41665,3,4,5,1,4,3,5,3,4,5,3
693,41666,4,5,5,3,4,3,5,4,5,5,5
694,35823,4,5,5,3,5,5,5,3,4,4,4
695,41667,4,5,5,3,5,5,5,3,4,4,4
696,35716,5,5,5,1,5,4,5,3,4,5,3
697,41668,5,5,5,1,5,4,5,3,4,5,3
698,41669,4,5,5,4,5,5,5,4,4,4,5
699,41670,5,4,5,1,3,3,5,3,4,5,3
700,35739,5,4,5,2,4,3,5,5,4,5,3
701,41671,5,4,5,2,4,3,5,5,4,5,3
702,41672,4,5,5,1,4,3,5,2,4,4,3
703,35365,5,5,5,1,4,3,4,4,4,5,3
704,41673,5,5,5,1,4,3,4,4,4,5,3
705,35126,5,5,5,1,4,4,5,3,4,4,3
706,41674,5,5,5,1,4,4,5,3,4,4,3
707,35223,5,5,5,1,4,3,5,5,4,5,2
708,41675,5,5,5,1,4,3,5,5,4,5,2
709,41676,5,4,4,1,4,3,5,3,4,5,3
710,41677,5,5,5,1,4,4,5,5,5,5,4
711,41678,5,5,5,1,2,1,5,5,5,4,3
712,41679,4,5,5,1,5,3,5,3,4,4,3
713,41680,5,5,5,1,5,5,5,5,5,5,4
714,41681,3,4,4,1,3,3,4,3,4,4,3
715,41682,4,4,5,1,3,3,5,3,4,5,3
716,41683,4,5,4,1,3,1,5,3,4,4,3
717,34658,5,4,5,1,4,3,5,3,4,4,3
718,41684,5,4,5,1,4,3,5,3,4,4,3
719,41685,5,5,5,3,5,5,4,3,4,5,3
720,41686,5,5,5,1,5,5,4,4,4,4,4
721,34365,5,5,5,1,3,3,5,3,5,5,4
722,41687,5,5,5,1,3,3,5,3,5,5,4
723,41688,3,4,4,4,3,3,4,3,4,4,3
724,31427,3,4,5,1,3,3,5,3,4,5,3
725,34309,3,4,5,1,3,3,5,3,4,5,3
726,41689,3,4,5,1,3,3,5,3,4,5,3
727,34245,2,4,3,3,4,4,4,3,3,4,3
728,40413,2,4,3,3,4,4,4,3,3,4,3
729,41690,2,4,3,3,4,4,4,3,3,4,3
730,31421,5,5,5,5,4,3,5,1,4,4,4
731,34193,5,5,5,5,4,3,5,1,4,4,4
732,41691,5,5,5,5,4,3,5,1,4,4,4
733,4719,3,5,5,1,5,5,5,2,4,5,4
734,8750,3,5,5,1,5,5,5,2,4,5,4
735,31419,3,5,5,1,5,5,5,2,4,5,4
736,32035,3,5,5,1,5,5,5,2,4,5,4
737,34155,3,5,5,1,5,5,5,2,4,5,4
738,39887,3,5,5,1,5,5,5,2,4,5,4
739,41692,3,5,5,1,5,5,5,2,4,5,4
740,34081,4,5,5,1,5,4,4,2,4,4,3
741,41693,4,5,5,1,5,4,4,2,4,4,3
742,34006,5,5,5,1,5,4,5,3,5,5,3
743,41694,5,5,5,1,5,4,5,3,5,5,3
744,31407,4,4,5,1,3,3,5,3,4,4,3
745,33962,4,4,5,1,3,3,5,3,4,4,3
746,41695,4,4,5,1,3,3,5,3,4,4,3
747,33907,5,5,5,1,5,5,4,3,4,3,4
748,41696,5,5,5,1,5,5,4,3,4,3,4
749,41697,5,4,5,1,3,3,5,1,5,5,5
750,41698,5,5,5,1,5,4,4,3,4,4,3
751,41699,3,4,5,1,3,3,4,2,4,5,3
752,41700,5,5,5,4,5,4,4,1,4,4,4
753,41701,5,5,5,3,4,4,5,3,5,5,5
754,31383,4,4,5,1,4,3,5,2,4,4,3
755,33500,4,4,5,1,4,3,5,2,4,4,3
756,41702,4,4,5,1,4,3,5,2,4,4,3
757,33387,4,5,5,1,5,4,5,3,4,4,3
758,41703,4,5,5,1,5,4,5,3,4,4,3
759,33326,5,4,5,1,4,3,5,4,5,5,3
760,41704,5,4,5,1,4,3,5,4,5,5,3
761,31366,5,4,5,3,3,3,5,3,4,5,4
762,33236,5,4,5,3,3,3,5,3,4,5,4
763,41705,5,4,5,3,3,3,5,3,4,5,4
764,284,5,5,5,4,4,4,5,1,5,5,4
765,16831,5,5,5,4,4,4,5,1,5,5,4
766,31360,5,5,5,4,4,4,5,1,5,5,4
767,33164,5,5,5,4,4,4,5,1,5,5,4
768,41706,5,5,5,4,4,4,5,1,5,5,4
769,31359,5,5,5,1,4,4,5,2,5,5,4
770,33155,5,5,5,1,4,4,5,2,5,5,4
771,41707,5,5,5,1,4,4,5,2,5,5,4
772,33143,5,5,5,1,5,4,5,3,5,5,5
773,41708,5,5,5,1,5,4,5,3,5,5,5
774,33088,4,4,5,1,4,3,5,3,4,5,3
775,41709,4,4,5,1,4,3,5,3,4,5,3
776,116,5,5,5,1,4,5,5,5,5,5,3
777,31351,5,5,5,1,4,5,5,5,5,5,3
778,41710,5,5,5,1,4,5,5,5,5,5,3
779,33037,4,4,4,1,3,1,5,5,5,4,3
780,41711,4,4,4,1,3,1,5,5,5,4,3
781,31343,4,5,5,1,5,1,5,3,4,5,3
782,41712,4,5,5,1,5,1,5,3,4,5,3
783,31342,4,4,5,4,4,3,5,3,4,4,3
784,41713,4,4,5,4,4,3,5,3,4,4,3
785,41714,5,5,5,1,5,5,5,3,5,5,3
786,31332,4,4,5,1,4,3,5,3,4,5,3
787,32858,4,4,5,1,4,3,5,3,4,5,3
788,41715,4,4,5,1,4,3,5,3,4,5,3
789,755,5,5,5,1,4,3,5,5,5,5,3
790,41716,5,5,5,1,4,3,5,5,5,5,3
791,32837,5,4,5,3,4,4,4,5,4,5,3
792,35462,5,4,5,3,4,4,4,5,4,5,3
793,41717,5,4,5,3,4,4,4,5,4,5,3
794,31323,5,4,5,4,4,3,5,3,4,5,3
795,41718,5,4,5,4,4,3,5,3,4,5,3
796,31319,5,5,5,1,4,1,5,3,5,5,3
797,41719,5,5,5,1,4,1,5,3,5,5,3
798,31311,3,4,5,1,5,3,4,3,4,4,2
799,41720,3,4,5,1,5,3,4,3,4,4,2
800,31313,3,5,5,1,5,4,4,3,4,4,3
801,32676,3,5,5,1,5,4,4,3,4,4,3
802,41721,3,5,5,1,5,4,4,3,4,4,3
803,41722,4,4,5,1,4,3,4,3,4,5,3
804,41723,5,5,5,1,5,4,5,1,4,5,3
805,41724,5,4,5,1,5,1,5,1,4,4,3
806,31299,4,5,5,1,5,3,5,3,4,4,3
807,41725,4,5,5,1,5,3,5,3,4,4,3
808,41726,5,5,5,1,5,4,5,3,4,4,2
809,32443,3,4,5,1,3,3,5,1,4,4,3
810,41727,3,4,5,1,3,3,5,1,4,4,3
811,31291,4,4,5,1,4,3,5,3,4,4,3
812,32418,4,4,5,1,4,3,5,3,4,4,3
813,41728,4,4,5,1,4,3,5,3,4,4,3
814,5244,5,5,5,5,5,4,5,3,4,5,4
815,32412,5,5,5,5,5,4,5,3,4,5,4
816,41729,5,5,5,5,5,4,5,3,4,5,4
817,32386,4,4,5,1,4,3,5,3,4,3,3
818,41730,4,4,5,1,4,3,5,3,4,3,3
819,32377,5,5,5,1,5,3,5,3,5,5,4
820,41731,5,5,5,1,5,3,5,3,5,5,4
821,41732,5,4,5,1,4,3,4,4,4,5,4
822,41733,5,5,5,1,5,3,5,5,4,4,3
823,41734,5,5,5,1,4,2,5,1,5,5,3
824,41735,5,5,5,1,4,3,5,5,5,5,4
825,32226,4,4,4,1,3,3,5,1,4,4,4
826,41736,4,4,4,1,3,3,5,1,4,4,4
827,31267,4,5,5,1,4,3,5,3,4,5,3
828,41737,4,5,5,1,4,3,5,3,4,5,3
829,31258,5,5,5,1,5,3,5,1,5,5,3
830,32158,5,5,5,1,5,3,5,1,5,5,3
831,41738,5,5,5,1,5,3,5,1,5,5,3
832,21695,4,4,5,1,3,3,5,5,4,5,3
833,32144,4,4,5,1,3,3,5,5,4,5,3
834,41739,4,4,5,1,3,3,5,5,4,5,3
835,32124,5,4,5,1,3,2,5,2,5,5,3
836,41740,5,4,5,1,3,2,5,2,5,5,3
837,32107,5,4,5,1,4,1,4,3,4,4,3
838,41741,5,4,5,1,4,1,4,3,4,4,3
839,41742,4,5,5,1,5,4,5,4,5,5,4
840,32013,4,5,5,1,4,3,5,3,4,5,3
841,33111,4,5,5,1,4,3,5,3,4,5,3
842,41743,4,5,5,1,4,3,5,3,4,5,3
843,31997,5,5,5,1,5,3,5,5,4,4,3
844,41744,5,5,5,1,5,3,5,5,4,4,3
845,31234,4,5,5,1,3,1,5,3,5,4,3
846,41745,4,5,5,1,3,1,5,3,5,4,3
847,31991,4,4,4,1,3,1,5,5,5,4,4
848,41746,4,4,4,1,3,1,5,5,5,4,4
849,31209,5,4,5,1,4,3,5,1,5,5,4
850,41747,5,4,5,1,4,3,5,1,5,5,4
851,31198,4,5,5,1,5,4,5,3,5,5,3
852,41748,4,5,5,1,5,4,5,3,5,5,3
853,31194,5,5,5,1,5,5,5,1,4,4,3
854,41749,5,5,5,1,5,5,5,1,4,4,3
855,41750,5,4,5,1,5,3,5,4,5,5,3
856,23540,4,4,5,1,3,1,5,1,4,4,3
857,31160,4,4,5,1,3,1,5,1,4,4,3
858,41751,4,4,5,1,3,1,5,1,4,4,3
859,31680,3,5,5,5,5,5,5,3,4,5,4
860,40990,3,5,5,5,5,5,5,3,4,5,4
861,41752,3,5,5,5,5,5,5,3,4,5,4
862,41753,5,5,5,1,5,4,3,1,4,5,4
863,40531,4,4,4,4,4,3,5,4,4,4,4
864,41754,4,4,4,4,4,3,5,4,4,4,4
865,41755,2,4,4,4,3,3,4,3,3,4,3
866,41756,5,5,5,1,4,3,5,4,5,5,3
867,31580,4,4,4,1,3,3,5,3,4,4,3
868,40558,4,4,4,1,3,3,5,3,4,4,3
869,41757,4,4,4,1,3,3,5,3,4,4,3
870,39906,4,5,5,1,5,3,5,3,4,5,3
871,41758,4,5,5,1,5,3,5,3,4,5,3
872,39675,4,5,5,1,3,1,5,3,4,4,3
873,41759,4,5,5,1,3,1,5,3,4,4,3
874,40258,5,5,4,1,5,5,5,3,4,4,3
875,41760,5,5,4,1,5,5,5,3,4,4,3
876,39667,4,4,4,1,5,4,5,4,4,4,4
877,41761,4,4,4,1,5,4,5,4,4,4,4
878,39591,4,4,4,1,4,3,5,3,3,4,3
879,41762,4,4,4,1,4,3,5,3,3,4,3
880,39804,4,4,3,1,3,3,4,3,4,4,4
881,41763,4,4,3,1,3,3,4,3,4,4,4
882,40091,4,4,4,5,5,5,5,3,3,4,4
883,41764,4,4,4,5,5,5,5,3,3,4,4
884,39071,5,5,5,1,5,4,5,4,5,5,4
885,41765,5,5,5,1,5,4,5,4,5,5,4
886,40517,5,4,5,1,4,3,5,3,4,5,4
887,41766,5,4,5,1,4,3,5,3,4,5,4
888,31557,5,4,4,1,4,4,5,4,4,4,3
889,39557,5,4,4,1,4,4,5,4,4,4,3
890,41767,5,4,4,1,4,4,5,4,4,4,3
891,41768,2,4,4,5,4,4,4,4,3,3,4
892,38471,4,5,5,5,3,1,5,3,4,4,3
893,41769,4,5,5,5,3,1,5,3,4,4,3
894,39198,4,4,5,5,4,4,5,3,4,5,4
895,41770,4,4,5,5,4,4,5,3,4,5,4
896,41771,4,5,5,1,5,3,5,3,4,4,3
897,29651,5,5,5,1,5,4,5,3,4,5,4
898,31518,5,5,5,1,5,4,5,3,4,5,4
899,41772,5,5,5,1,5,4,5,3,4,5,4
900,38923,4,4,4,1,4,4,4,4,4,3,5
901,41773,4,4,4,1,4,4,4,4,4,3,5
902,31527,4,5,5,1,4,1,5,4,5,5,3
903,38103,4,5,5,1,4,1,5,4,5,5,3
904,41774,4,5,5,1,4,1,5,4,5,5,3
905,31578,3,4,4,3,4,3,5,3,4,5,2
906,41775,3,4,4,3,4,3,5,3,4,5,2
907,41776,4,5,5,1,4,3,5,5,5,5,3
908,37264,5,5,5,1,4,4,5,5,5,4,3
909,41777,5,5,5,1,4,4,5,5,5,4,3
910,41778,5,5,5,1,5,4,5,3,5,5,3
911,31502,5,5,5,1,4,5,5,3,4,4,4
912,37140,5,5,5,1,4,5,5,3,4,4,4
913,41779,5,5,5,1,4,5,5,3,4,4,4
914,41780,4,5,5,1,3,3,5,3,4,5,3
915,41781,4,4,5,1,3,3,5,3,4,4,3
916,31542,5,4,5,1,3,1,5,3,4,4,3
917,38877,5,4,5,1,3,1,5,3,4,4,3
918,41782,5,4,5,1,3,1,5,3,4,4,3
919,41783,5,5,5,1,4,3,5,3,5,5,4
920,37330,3,4,4,4,4,4,4,3,3,3,4
921,41784,3,4,4,4,4,4,4,3,3,3,4
922,36900,5,5,5,5,4,3,5,3,5,5,4
923,41785,5,5,5,5,4,3,5,3,5,5,4
924,41786,5,4,5,1,2,1,4,3,4,4,3
925,31487,4,4,5,4,4,3,5,3,4,4,3
926,36408,4,4,5,4,4,3,5,3,4,4,3
927,41787,4,4,5,4,4,3,5,3,4,4,3
928,8384,5,5,5,1,5,5,4,3,3,4,3
929,41788,5,5,5,1,5,5,4,3,3,4,3
930,31530,5,5,5,1,5,5,4,3,4,5,3
931,38277,5,5,5,1,5,5,4,3,4,5,3
932,41789,5,5,5,1,5,5,4,3,4,5,3
933,37159,5,5,4,1,5,5,5,3,4,5,5
934,41790,5,5,4,1,5,5,5,3,4,5,5
935,36098,4,4,4,1,4,3,5,2,4,4,4
936,41791,4,4,4,1,4,3,5,2,4,4,4
937,41792,3,4,4,1,3,3,4,3,4,4,3
938,36904,4,4,5,3,4,4,5,3,4,5,4
939,41793,4,4,5,3,4,4,5,3,4,5,4
940,322,5,4,5,3,4,3,5,3,4,4,4
941,36026,5,4,5,3,4,3,5,3,4,4,4
942,41794,5,4,5,3,4,3,5,3,4,4,4
943,41795,5,5,5,1,4,3,5,3,5,5,4
944,31474,4,4,5,1,3,3,5,3,4,4,3
945,35811,4,4,5,1,3,3,5,3,4,4,3
946,41796,4,4,5,1,3,3,5,3,4,4,3
947,41797,4,4,4,5,5,4,4,4,4,4,3
948,41798,4,5,5,1,5,4,4,3,4,4,3
949,41799,5,5,5,1,5,3,5,4,5,4,3
950,41800,2,2,2,1,3,3,3,3,2,2,2
951,41801,3,5,4,4,5,5,5,3,4,4,4
952,41802,4,5,5,4,4,4,5,4,4,4,5
953,41803,4,4,4,3,3,3,4,5,5,5,4
954,36325,5,5,5,1,5,5,5,3,5,4,5
955,41804,5,5,5,1,5,5,5,3,5,4,5
956,35194,4,5,4,1,4,3,5,3,4,4,3
957,41805,4,5,4,1,4,3,5,3,4,4,3
958,35448,5,5,5,1,5,4,5,1,4,5,3
959,41806,5,5,5,1,5,4,5,1,4,5,3
960,35179,4,5,5,5,5,5,5,1,5,5,5
961,41807,4,5,5,5,5,5,5,1,5,5,5
962,34809,5,5,5,1,5,4,5,3,4,4,3
963,41808,5,5,5,1,5,4,5,3,4,4,3
964,41809,4,4,3,3,5,4,4,3,4,4,3
965,41810,5,5,5,4,4,3,5,4,5,4,4
966,34428,4,5,5,4,4,3,5,1,4,4,5
967,41811,4,5,5,4,4,3,5,1,4,4,5
968,41812,5,5,5,4,5,4,5,1,4,5,3
969,41813,4,4,5,1,5,4,4,3,3,4,5
970,41814,3,4,4,1,4,3,5,3,4,4,3
971,34090,5,5,5,1,5,4,5,3,4,5,3
972,41815,5,5,5,1,5,4,5,3,4,5,3
973,41816,4,4,5,1,3,3,5,3,4,4,3
974,34002,4,4,5,1,3,1,5,5,5,5,3
975,41817,4,4,5,1,3,1,5,5,5,5,3
976,41818,3,4,4,3,5,4,5,3,4,4,4
977,31401,4,4,4,3,3,3,5,3,4,4,3
978,33775,4,4,4,3,3,3,5,3,4,4,3
979,41819,4,4,4,3,3,3,5,3,4,4,3
980,33671,5,5,5,1,5,5,5,5,4,5,2
981,41820,5,5,5,1,5,5,5,5,4,5,2
982,33653,5,5,5,1,3,3,5,3,4,4,4
983,41821,5,5,5,1,3,3,5,3,4,4,4
984,33538,4,4,5,1,3,3,5,2,3,4,3
985,41822,4,4,5,1,3,3,5,2,3,4,3
986,41823,5,4,5,1,3,4,5,1,3,4,3
987,33342,3,5,5,1,5,3,5,3,4,4,3
988,41824,3,5,5,1,5,3,5,3,4,4,3
989,33322,5,5,5,1,5,4,5,3,4,5,4
990,41825,5,5,5,1,5,4,5,3,4,5,4
991,365,5,4,5,3,3,4,3,3,4,4,3
992,676,5,4,5,3,3,4,3,3,4,4,3
993,33288,5,4,5,3,3,4,3,3,4,4,3
994,35917,5,4,5,3,3,4,3,3,4,4,3
995,41826,5,4,5,3,3,4,3,3,4,4,3
996,31363,4,4,5,1,3,3,5,3,4,4,3
997,41827,4,4,5,1,3,3,5,3,4,4,3
998,41828,5,5,5,1,5,5,3,5,3,3,2
999,33049,5,5,5,1,5,4,4,4,4,5,3
1000,41829,5,5,5,1,5,4,4,4,4,5,3
1001,41830,5,5,5,1,4,3,5,3,4,4,3
1002,41831,5,5,5,1,5,3,5,3,4,5,3
1003,32961,5,4,5,1,3,3,5,3,4,5,3
1004,41832,5,4,5,1,3,3,5,3,4,5,3
1005,31335,4,4,5,1,4,4,5,1,4,4,3
1006,32920,4,4,5,1,4,4,5,1,4,4,3
1007,41833,4,4,5,1,4,4,5,1,4,4,3
1008,41834,5,4,5,4,4,4,5,3,4,5,3
1009,348,5,4,5,1,3,3,3,1,4,5,3
1010,673,5,4,5,1,3,3,3,1,4,5,3
1011,10890,5,4,5,1,3,3,3,1,4,5,3
1012,32833,5,4,5,1,3,3,3,1,4,5,3
1013,41835,5,4,5,1,3,3,3,1,4,5,3
1014,31327,4,4,5,1,4,3,5,3,5,5,3
1015,41836,4,4,5,1,4,3,5,3,5,5,3
1016,31320,5,4,5,1,4,3,5,3,4,4,3
1017,32785,5,4,5,1,4,3,5,3,4,4,3
1018,41837,5,4,5,1,4,3,5,3,4,4,3
1019,32581,4,4,4,1,4,3,5,3,4,4,4
1020,41838,4,4,4,1,4,3,5,3,4,4,4
1021,41839,5,4,5,1,3,2,5,5,5,5,3
1022,32482,4,5,5,1,5,4,5,4,4,5,3
1023,41840,4,5,5,1,5,4,5,4,4,5,3
1024,41841,5,4,5,1,5,1,4,3,3,5,3
1025,41842,5,5,5,1,5,4,5,3,5,5,3
1026,31282,3,4,5,4,5,5,4,1,4,4,3
1027,41843,3,4,5,4,5,5,4,1,4,4,3
1028,41844,5,5,5,3,5,3,5,3,4,5,3
1029,41845,4,4,5,1,4,3,5,3,4,4,3
1030,31260,4,4,5,1,3,1,5,3,4,4,3
1031,32183,4,4,5,1,3,1,5,3,4,4,3
1032,41846,4,4,5,1,3,1,5,3,4,4,3
1033,32171,5,5,5,1,4,3,5,5,5,5,4
1034,41847,5,5,5,1,4,3,5,5,5,5,4
1035,32143,4,4,4,1,3,1,5,3,4,4,3
1036,41848,4,4,4,1,3,1,5,3,4,4,3
1037,31240,4,4,5,1,3,2,5,3,4,4,3
1038,32076,4,4,5,1,3,2,5,3,4,4,3
1039,34498,4,4,5,1,3,2,5,3,4,4,3
1040,41849,4,4,5,1,3,2,5,3,4,4,3
1041,32051,4,5,5,1,5,3,5,4,5,5,4
1042,41850,4,5,5,1,5,3,5,4,5,5,4
1043,41851,4,4,5,1,4,3,5,3,3,3,3
1044,31231,5,5,5,1,4,4,5,4,4,4,3
1045,41852,5,5,5,1,4,4,5,4,4,4,3
1046,31203,4,4,5,1,3,3,5,1,4,4,4
1047,41853,4,4,5,1,3,3,5,1,4,4,4
1048,31902,5,4,5,3,3,3,5,1,5,4,5
1049,41854,5,4,5,3,3,3,5,1,5,4,5
1050,31183,4,4,5,1,5,4,5,3,4,5,5
1051,41855,4,4,5,1,5,4,5,3,4,5,5
1052,41856,5,4,5,3,3,1,5,1,3,4,4
1053,31754,3,4,4,1,4,5,4,2,3,4,2
1054,36171,3,4,4,1,4,5,4,2,3,4,2
1055,41857,3,4,4,1,4,5,4,2,3,4,2
1056,31722,5,4,5,1,3,2,4,1,4,5,3
1057,40219,5,4,5,1,3,2,4,1,4,5,3
1058,41858,5,4,5,1,3,2,4,1,4,5,3
1059,41859,5,5,5,1,5,4,5,1,4,4,3
1060,41860,4,4,3,1,4,3,5,4,4,4,5
1061,40326,4,4,4,1,3,3,5,3,4,4,3
1062,41861,4,4,4,1,3,3,5,3,4,4,3
1063,40618,4,5,5,1,3,3,5,3,4,4,3
1064,41862,4,5,5,1,3,3,5,3,4,4,3
1065,41863,4,4,4,1,3,3,5,3,4,4,3
1066,31566,5,5,5,1,5,5,4,3,5,5,5
1067,39940,5,5,5,1,5,5,4,3,5,5,5
1068,41864,5,5,5,1,5,5,4,3,5,5,5
1069,41865,5,5,5,3,3,3,5,3,4,4,3
1070,39662,3,4,5,1,3,3,5,3,4,5,4
1071,41866,3,4,5,1,3,3,5,3,4,5,4
1072,40052,4,5,5,4,5,5,5,3,5,5,5
1073,41867,4,5,5,4,5,5,5,3,5,5,5
1074,41868,4,4,5,1,3,3,5,3,4,4,3
1075,39695,5,5,5,1,5,5,4,3,4,4,3
1076,41869,5,5,5,1,5,5,4,3,4,4,3
1077,41870,2,3,3,1,3,3,4,4,3,4,2
1078,31563,4,4,5,1,4,3,5,3,4,4,3
1079,39718,4,4,5,1,4,3,5,3,4,4,3
1080,41871,4,4,5,1,4,3,5,3,4,4,3
1081,41872,4,5,5,3,5,4,5,3,5,5,4
1082,39791,3,4,4,5,5,5,4,4,4,5,4
1083,41873,3,4,4,5,5,5,4,4,4,5,4
1084,39590,3,4,5,5,4,5,5,4,4,4,4
1085,41874,3,4,5,5,4,5,5,4,4,4,4
1086,41875,3,4,4,1,5,4,5,3,4,3,2
1087,31153,4,5,5,4,5,4,5,3,4,4,4
1088,31755,4,5,5,4,5,4,5,3,4,4,4
1089,32126,4,5,5,4,5,4,5,3,4,4,4
1090,34494,4,5,5,4,5,4,5,3,4,4,4
1091,40547,4,5,5,4,5,4,5,3,4,4,4
1092,41876,4,5,5,4,5,4,5,3,4,4,4
1093,40016,5,5,5,4,5,5,4,4,4,4,3
1094,41877,5,5,5,4,5,5,4,4,4,4,3
1095,18248,4,4,4,3,3,3,5,3,4,5,4
1096,39104,4,4,4,3,3,3,5,3,4,5,4
1097,41878,4,4,4,3,3,3,5,3,4,5,4
1098,41879,4,4,4,1,3,1,5,2,4,4,3
1099,38641,5,5,5,1,5,4,5,1,2,4,2
1100,41880,5,5,5,1,5,4,5,1,2,4,2
1101,41881,4,4,4,1,4,3,5,3,4,4,3
1102,41882,5,4,5,1,3,3,5,3,4,4,4
1103,38869,3,4,3,1,5,5,4,3,3,4,4
1104,41883,3,4,3,1,5,5,4,3,3,4,4
1105,38445,4,4,4,1,3,3,5,3,4,5,3
1106,41884,4,4,4,1,3,3,5,3,4,5,3
1107,38185,4,4,5,1,3,3,5,3,4,4,3
1108,41885,4,4,5,1,3,3,5,3,4,4,3
1109,38631,4,5,4,1,5,5,4,3,4,4,3
1110,41886,4,5,4,1,5,5,4,3,4,4,3
1111,40634,3,4,3,5,5,5,5,3,3,4,3
1112,41887,3,4,3,5,5,5,5,3,3,4,3
1113,41888,4,4,4,1,4,3,5,3,4,4,3
1114,38298,5,5,4,4,5,4,5,4,4,4,4
1115,41889,5,5,4,4,5,4,5,4,4,4,4
1116,38985,3,5,5,5,5,5,5,3,4,4,4
1117,41890,3,5,5,5,5,5,5,3,4,4,4
1118,31549,5,4,5,1,3,3,5,3,4,4,4
1119,41891,5,4,5,1,3,3,5,3,4,4,4
1120,41892,5,5,5,1,5,4,5,5,5,5,3
1121,41893,4,5,5,1,4,4,5,3,4,4,5
1122,41894,4,5,4,3,5,4,5,4,4,4,3
1123,31535,3,4,4,1,3,3,5,3,4,5,4
1124,38495,3,4,4,1,3,3,5,3,4,5,4
1125,41895,3,4,4,1,3,3,5,3,4,5,4
1126,41896,4,5,5,1,5,4,5,3,4,5,4
1127,39470,3,4,4,4,3,3,4,3,4,4,3
1128,41897,3,4,4,4,3,3,4,3,4,4,3
1129,37253,5,5,5,1,5,4,5,5,5,5,3
1130,41898,5,5,5,1,5,4,5,5,5,5,3
1131,41899,4,5,5,1,4,4,5,1,5,5,5
1132,41900,2,2,2,5,4,3,3,3,2,2,2
1133,41901,5,5,5,1,5,3,5,2,4,4,3
1134,41902,4,4,5,4,4,3,5,5,4,4,3
1135,41903,3,4,4,4,3,3,5,3,4,4,3
1136,40686,5,5,5,1,4,3,5,3,4,5,4
1137,41904,5,5,5,1,4,3,5,3,4,5,4
1138,31511,3,4,4,4,3,3,5,3,4,4,4
1139,41905,3,4,4,4,3,3,5,3,4,4,4
1140,37011,3,4,5,1,3,3,4,3,4,4,5
1141,41906,3,4,5,1,3,3,4,3,4,4,5
1142,41907,3,4,4,1,3,3,4,4,3,4,3
1143,36437,4,5,5,1,3,1,5,3,3,4,3
1144,41908,4,5,5,1,3,1,5,3,3,4,3
1145,41909,2,3,2,5,3,3,4,3,2,2,1
1146,36547,4,4,4,1,4,3,5,3,4,4,3
1147,41910,4,4,4,1,4,3,5,3,4,4,3
1148,31491,4,4,5,1,5,4,5,3,4,4,3
1149,36546,4,4,5,1,5,4,5,3,4,4,3
1150,41911,4,4,5,1,5,4,5,3,4,4,3
1151,37827,4,5,5,1,5,4,5,2,4,4,3
1152,41912,4,5,5,1,5,4,5,2,4,4,3
1153,36541,3,4,4,1,4,4,5,3,4,4,3
1154,41913,3,4,4,1,4,4,5,3,4,4,3
1155,12659,2,5,5,1,5,5,3,3,2,4,3
1156,31500,2,5,5,1,5,5,3,3,2,4,3
1157,37079,2,5,5,1,5,5,3,3,2,4,3
1158,41914,2,5,5,1,5,5,3,3,2,4,3
1159,37266,5,5,5,1,5,4,4,4,4,4,3
1160,41915,5,5,5,1,5,4,4,4,4,4,3
1161,36294,4,5,5,1,5,4,4,3,4,4,5
1162,41916,4,5,5,1,5,4,4,3,4,4,5
1163,31488,4,4,4,1,3,3,5,3,4,4,3
1164,36411,4,4,4,1,3,3,5,3,4,4,3
1165,41917,4,4,4,1,3,3,5,3,4,4,3
1166,36632,5,5,5,3,5,4,5,3,5,5,5
1167,41918,5,5,5,3,5,4,5,3,5,5,5
1168,31496,5,4,4,1,5,5,4,3,4,4,3
1169,41919,5,4,4,1,5,5,4,3,4,4,3
1170,36059,3,4,5,1,5,3,5,3,3,4,2
1171,41920,3,4,5,1,5,3,5,3,3,4,2
1172,41921,5,4,5,1,3,3,5,4,4,4,3
1173,41922,2,4,5,1,5,3,5,3,5,5,3
1174,41923,4,4,4,1,4,3,5,3,4,5,3
1175,41924,5,4,4,1,4,4,4,3,4,4,4
1176,36229,3,1,1,1,3,3,2,3,1,1,2
1177,40610,3,1,1,1,3,3,2,3,1,1,2
1178,41925,3,1,1,1,3,3,2,3,1,1,2
1179,36266,3,4,4,1,3,3,5,3,4,4,3
1180,41926,3,4,4,1,3,3,5,3,4,4,3
1181,41927,4,5,5,3,4,3,5,3,5,4,4
1182,41928,2,4,5,1,3,3,5,3,3,4,3
1183,41929,3,4,4,4,5,3,5,3,4,4,3
1184,41930,4,5,5,1,4,3,5,3,4,4,3
1185,35790,5,5,5,1,5,5,3,3,4,4,3
1186,41931,5,5,5,1,5,5,3,3,4,4,3
1187,41932,5,4,5,1,4,3,5,3,4,4,3
1188,41933,2,4,3,1,4,3,4,3,4,4,4
1189,35500,5,5,5,1,5,5,4,1,4,4,3
1190,41934,5,5,5,1,5,5,4,1,4,4,3
1191,35287,3,4,5,1,3,3,5,3,4,4,4
1192,41935,3,4,5,1,3,3,5,3,4,4,4
1193,41936,5,5,5,3,5,5,5,3,4,4,3
1194,41937,5,5,5,3,5,4,5,3,5,5,4
1195,35212,4,5,5,1,4,3,5,3,4,4,3
1196,41938,4,5,5,1,4,3,5,3,4,4,3
1197,41939,4,3,3,1,3,3,4,3,2,3,3
1198,31456,4,5,5,1,4,3,5,3,4,4,3
1199,41940,4,5,5,1,4,3,5,3,4,4,3
1200,35141,3,4,4,1,3,3,4,3,4,5,4
1201,41941,3,4,4,1,3,3,4,3,4,5,4
1202,35478,5,4,5,4,4,4,5,1,4,5,4
1203,41942,5,4,5,4,4,4,5,1,4,5,4
1204,31444,3,4,5,1,5,5,4,3,4,4,3
1205,34904,3,4,5,1,5,5,4,3,4,4,3
1206,41943,3,4,5,1,5,5,4,3,4,4,3
1207,41944,5,5,5,1,5,3,4,5,4,5,3
1208,34845,4,4,5,1,5,4,4,3,4,4,3
1209,41945,4,4,5,1,5,4,4,3,4,4,3
1210,8023,4,5,4,1,4,4,4,5,4,3,5
1211,16788,4,5,4,1,4,4,4,5,4,3,5
1212,41946,4,5,4,1,4,4,4,5,4,3,5
1213,41947,5,5,5,1,4,1,5,4,4,4,3
1214,34464,5,5,4,1,5,3,5,1,4,4,3
1215,41948,5,5,4,1,5,3,5,1,4,4,3
1216,41949,4,4,4,1,3,3,5,3,4,4,3
1217,34426,3,4,4,1,4,3,5,3,4,4,4
1218,41950,3,4,4,1,4,3,5,3,4,4,4
1219,41951,3,4,5,1,3,3,4,3,4,4,3
1220,31432,4,5,4,1,5,3,5,3,4,5,3
1221,41952,4,5,4,1,5,3,5,3,4,5,3
1222,34395,2,2,1,1,3,3,2,2,2,2,2
1223,40041,2,2,1,1,3,3,2,2,2,2,2
1224,41953,2,2,1,1,3,3,2,2,2,2,2
1225,31429,3,4,4,1,3,3,5,3,4,4,5
1226,41954,3,4,4,1,3,3,5,3,4,4,5
1227,41955,4,5,5,1,3,3,5,2,4,4,3
1228,34333,4,5,5,5,5,4,5,1,5,5,4
1229,41956,4,5,5,5,5,4,5,1,5,5,4
1230,41957,4,4,5,3,5,4,5,3,3,4,5
1231,34211,5,4,4,1,3,3,5,1,3,4,3
1232,41958,5,4,4,1,3,3,5,1,3,4,3
1233,41959,5,5,5,1,5,4,5,1,4,4,3
1234,34158,4,5,5,1,4,3,5,2,4,4,4
1235,41960,4,5,5,1,4,3,5,2,4,4,4
1236,34118,5,5,5,1,4,4,5,2,5,4,4
1237,41961,5,5,5,1,4,4,5,2,5,4,4
1238,20697,3,4,5,1,3,3,5,2,4,4,3
1239,31416,3,4,5,1,3,3,5,2,4,4,3
1240,41962,3,4,5,1,3,3,5,2,4,4,3
1241,41963,4,5,4,1,5,5,4,2,4,4,4
1242,34017,4,4,5,1,4,3,5,1,4,5,3
1243,41964,4,4,5,1,4,3,5,1,4,5,3
1244,41965,4,5,5,1,5,4,5,1,4,5,5
1245,33993,4,4,4,5,4,4,4,2,3,4,4
1246,41966,4,4,4,5,4,4,4,2,3,4,4
1247,31410,3,4,5,1,4,4,5,2,4,4,3
1248,41967,3,4,5,1,4,4,5,2,4,4,3
1249,33880,4,4,4,1,3,4,3,2,3,4,4
1250,41968,4,4,4,1,3,4,3,2,3,4,4
1251,486,5,5,5,4,5,4,5,1,4,5,5
1252,33846,5,5,5,4,5,4,5,1,4,5,5
1253,41969,5,5,5,4,5,4,5,1,4,5,5
1254,41970,4,3,4,1,3,4,5,2,3,4,4
1255,33765,5,5,5,1,5,5,5,1,3,4,3
1256,41971,5,5,5,1,5,5,5,1,3,4,3
1257,41972,4,4,5,1,3,3,4,2,3,4,4
1258,31396,1,3,3,1,4,4,5,2,3,3,2
1259,41973,1,3,3,1,4,4,5,2,3,3,2
1260,41974,5,4,5,1,3,3,5,1,4,4,3
1261,31391,5,5,5,1,5,4,5,1,5,5,4
1262,41975,5,5,5,1,5,4,5,1,5,5,4
1263,33613,5,4,5,1,3,3,5,1,4,4,4
1264,39648,5,4,5,1,3,3,5,1,4,4,4
1265,41976,5,4,5,1,3,3,5,1,4,4,4
1266,41977,4,5,5,1,5,5,5,1,4,4,3
1267,41978,5,4,5,1,3,3,5,2,4,4,3
1268,41979,5,5,5,5,4,4,4,2,4,5,3
1269,31371,4,4,5,1,3,1,5,3,4,4,3
1270,33338,4,4,5,1,3,1,5,3,4,4,3
1271,41980,4,4,5,1,3,1,5,3,4,4,3
1272,33289,4,5,5,1,5,4,4,2,3,4,3
1273,41981,4,5,5,1,5,4,4,2,3,4,3
1274,41982,4,4,5,1,4,3,5,3,4,4,3
1275,41983,4,5,5,1,5,4,5,3,4,5,4
1276,31354,5,5,5,3,4,3,5,5,5,5,3
1277,41984,5,5,5,3,4,3,5,5,5,5,3
1278,41985,5,5,5,1,5,5,4,3,4,4,3
1279,41986,4,5,5,1,4,3,5,3,5,5,3
1280,33052,5,5,5,1,5,4,5,3,4,4,3
1281,41987,5,5,5,1,5,4,5,3,4,4,3
1282,31346,4,4,5,1,5,4,5,3,4,5,3
1283,33005,4,4,5,1,5,4,5,3,4,5,3
1284,41988,4,4,5,1,5,4,5,3,4,5,3
1285,41989,4,4,5,1,4,3,5,3,3,4,3
1286,31330,5,4,5,1,4,3,5,3,4,5,3
1287,32875,5,4,5,1,4,3,5,3,4,5,3
1288,41990,5,4,5,1,4,3,5,3,4,5,3
1289,1585,5,5,5,1,4,3,5,5,5,5,4
1290,12951,5,5,5,1,4,3,5,5,5,5,4
1291,32802,5,5,5,1,4,3,5,5,5,5,4
1292,41991,5,5,5,1,4,3,5,5,5,5,4
1293,31324,5,4,5,1,3,1,5,3,4,4,3
1294,41992,5,4,5,1,3,1,5,3,4,4,3
1295,31321,5,4,5,1,4,4,5,1,4,5,4
1296,32768,5,4,5,1,4,4,5,1,4,5,4
1297,41993,5,4,5,1,4,4,5,1,4,5,4
1298,32648,3,4,5,1,5,4,5,3,4,4,3
1299,41994,3,4,5,1,5,4,5,3,4,4,3
1300,31309,5,5,5,1,5,5,5,1,3,5,3
1301,32647,5,5,5,1,5,5,5,1,3,5,3
1302,41995,5,5,5,1,5,5,5,1,3,5,3
1303,31301,3,4,5,1,4,4,4,5,4,4,3
1304,41996,3,4,5,1,4,4,4,5,4,4,3
1305,41997,5,4,5,1,5,3,5,4,4,5,3
1306,646,4,5,4,1,5,4,5,2,4,4,3
1307,2364,4,5,4,1,5,4,5,2,4,4,3
1308,8746,4,5,4,1,5,4,5,2,4,4,3
1309,41998,4,5,4,1,5,4,5,2,4,4,3
1310,41999,5,3,5,1,4,1,5,3,3,5,3
1311,17308,4,4,5,1,4,3,5,1,5,3,4
1312,32105,4,4,5,1,4,3,5,1,5,3,4
1313,42000,4,4,5,1,4,3,5,1,5,3,4
1314,32100,3,4,3,1,3,2,5,3,4,4,3
1315,42001,3,4,3,1,3,2,5,3,4,4,3
1316,32006,3,4,5,1,3,3,5,1,3,4,3
1317,42002,3,4,5,1,3,3,5,1,3,4,3
1318,31985,4,4,4,1,4,3,5,3,4,4,3
1319,42003,4,4,4,1,4,3,5,3,4,4,3
1320,31193,5,4,5,4,5,4,5,1,4,4,4
1321,31883,5,4,5,4,5,4,5,1,4,4,4
1322,42004,5,4,5,4,5,4,5,1,4,4,4
1323,5457,4,4,5,1,3,3,4,3,4,4,4
1324,42005,4,4,5,1,3,3,4,3,4,4,4
1325,31846,5,4,5,1,3,1,5,3,4,5,5
1326,42006,5,4,5,1,3,1,5,3,4,5,5
1327,42007,5,4,5,5,5,5,5,3,5,5,3
1328,31748,5,4,5,3,3,1,5,1,4,5,5
1329,42008,5,4,5,3,3,1,5,1,4,5,5
1330,42009,4,4,5,1,4,3,4,1,4,4,5
1331,2687,5,4,5,1,5,4,5,3,4,4,3
1332,3890,5,4,5,1,5,4,5,3,4,4,3
1333,8353,5,4,5,1,5,4,5,3,4,4,3
1334,9693,5,4,5,1,5,4,5,3,4,4,3
1335,11604,5,4,5,1,5,4,5,3,4,4,3
1336,12135,5,4,5,1,5,4,5,3,4,4,3
1337,12405,5,4,5,1,5,4,5,3,4,4,3
1338,18378,5,4,5,1,5,4,5,3,4,4,3
1339,28682,5,4,5,1,5,4,5,3,4,4,3
1340,31699,5,4,5,1,5,4,5,3,4,4,3
1341,42010,5,4,5,1,5,4,5,3,4,4,3
1342,31575,5,5,5,1,5,4,5,1,4,4,3
1343,40335,5,5,5,1,5,4,5,1,4,4,3
1344,42011,5,5,5,1,5,4,5,1,4,4,3
1345,42012,4,5,5,1,4,3,5,3,4,4,3
1346,40193,4,3,4,5,3,4,5,4,3,4,5
1347,42013,4,3,4,5,3,4,5,4,3,4,5
1348,40115,4,5,5,1,5,4,5,3,4,4,3
1349,42014,4,5,5,1,5,4,5,3,4,4,3
1350,182,5,5,5,1,4,4,5,5,5,5,4
1351,31567,5,5,5,1,4,4,5,5,5,5,4
1352,39966,5,5,5,1,4,4,5,5,5,5,4
1353,42015,5,5,5,1,4,4,5,5,5,5,4
1354,42016,4,5,5,5,5,4,5,3,4,5,5
1355,42017,4,4,4,1,3,3,5,3,4,4,3
1356,1247,5,4,4,3,3,3,5,3,3,3,3
1357,39185,5,4,4,3,3,3,5,3,3,3,3
1358,42018,5,4,4,3,3,3,5,3,3,3,3
1359,42019,2,4,2,1,5,5,4,3,3,4,3
1360,31546,2,4,3,1,4,3,5,3,3,3,3
1361,42020,2,4,3,1,4,3,5,3,3,3,3
1362,39013,4,4,4,3,4,4,5,4,4,4,5
1363,42021,4,4,4,3,4,4,5,4,4,4,5
1364,42022,2,4,4,1,3,3,4,3,3,3,3
1365,39397,4,4,4,1,4,4,4,3,4,4,3
1366,42023,4,4,4,1,4,4,4,3,4,4,3
1367,42024,5,5,5,1,5,5,5,3,4,4,4
1368,42025,4,5,5,1,4,3,5,4,4,4,3
1369,42026,3,4,4,3,4,3,4,3,4,4,4
1370,42027,5,5,5,1,4,3,5,3,4,5,4
1371,38882,4,4,5,5,4,4,4,3,5,4,5
1372,42028,4,4,5,5,4,4,4,3,5,4,5
1373,42029,4,5,5,1,4,3,4,3,3,3,2
1374,31539,4,4,4,1,5,3,5,3,4,4,3
1375,38689,4,4,4,1,5,3,5,3,4,4,3
1376,42030,4,4,4,1,5,3,5,3,4,4,3
1377,38423,4,5,3,4,5,5,5,4,4,4,4
1378,42031,4,5,3,4,5,5,5,4,4,4,4
1379,42032,4,4,4,4,5,5,4,3,3,4,3
1380,37817,4,4,5,1,4,3,5,3,3,4,3
1381,42033,4,4,5,1,4,3,5,3,3,4,3
1382,31522,4,5,3,4,5,4,4,3,4,4,3
1383,37947,4,5,3,4,5,4,4,3,4,4,3
1384,42034,4,5,3,4,5,4,4,3,4,4,3
1385,42035,5,5,5,4,5,5,5,1,5,5,5
1386,31537,4,5,5,1,5,5,5,5,4,5,5
1387,38585,4,5,5,1,5,5,5,5,4,5,5
1388,42036,4,5,5,1,5,5,5,5,4,5,5
1389,38756,2,3,2,5,4,4,4,4,2,2,4
1390,42037,2,3,2,5,4,4,4,4,2,2,4
1391,39242,4,5,5,1,5,4,5,3,4,4,3
1392,42038,4,5,5,1,5,4,5,3,4,4,3
1393,31514,4,5,5,3,4,4,5,5,5,5,5
1394,42039,4,5,5,3,4,4,5,5,5,5,5
1395,42040,3,4,4,5,4,4,5,3,4,4,4
1396,42041,4,4,5,3,3,3,4,4,4,4,5
1397,38367,4,4,4,4,5,4,5,3,4,4,4
1398,42042,4,4,4,4,5,4,5,3,4,4,4
1399,31532,4,4,4,1,3,3,5,3,4,4,4
1400,38364,4,4,4,1,3,3,5,3,4,4,4
1401,42043,4,4,4,1,3,3,5,3,4,4,4
1402,31526,4,4,4,1,4,3,4,3,4,5,4
1403,38109,4,4,4,1,4,3,4,3,4,5,4
1404,42044,4,4,4,1,4,3,4,3,4,5,4
1405,37044,4,4,4,1,4,3,4,3,4,4,3
1406,42045,4,4,4,1,4,3,4,3,4,4,3
1407,37516,3,4,3,5,4,4,4,4,3,3,2
1408,42046,3,4,3,5,4,4,4,4,3,3,2
1409,36875,4,5,4,1,5,5,4,3,4,4,3
1410,42047,4,5,4,1,5,5,4,3,4,4,3
1411,31497,3,4,4,4,3,3,5,3,4,5,3
1412,36873,3,4,4,4,3,3,5,3,4,5,3
1413,42048,3,4,4,4,3,3,5,3,4,5,3
1414,42049,5,5,5,1,5,5,4,3,4,4,4
1415,17316,3,4,4,1,4,3,5,3,4,3,3
1416,30007,3,4,4,1,4,3,5,3,4,3,3
1417,36823,3,4,4,1,4,3,5,3,4,3,3
1418,42050,3,4,4,1,4,3,5,3,4,3,3
1419,37495,3,4,3,4,4,3,4,3,4,4,3
1420,42051,3,4,3,4,4,3,4,3,4,4,3
1421,42052,4,5,5,3,5,4,5,3,5,5,4
1422,42053,5,4,4,4,3,3,5,3,4,4,4
1423,42054,4,5,5,4,4,3,5,3,4,5,3
1424,39295,4,4,4,1,5,5,5,4,4,4,3
1425,42055,4,4,4,1,5,5,5,4,4,4,3
1426,42056,4,4,4,1,4,3,5,4,4,4,3
1427,42057,4,4,5,1,4,3,5,3,4,4,3
1428,36778,4,5,5,1,5,4,5,3,4,4,3
1429,42058,4,5,5,1,5,4,5,3,4,4,3
1430,36416,3,4,3,1,3,3,4,5,3,4,3
1431,42059,3,4,3,1,3,3,4,5,3,4,3
1432,42060,4,4,4,4,4,3,4,3,4,4,3
1433,15584,4,5,4,1,5,1,5,4,3,4,3
1434,36582,4,5,4,1,5,1,5,4,3,4,3
1435,42061,4,5,4,1,5,1,5,4,3,4,3
1436,37671,4,4,4,3,5,5,4,3,4,4,4
1437,42062,4,4,4,3,5,5,4,3,4,4,4
1438,36525,3,3,3,1,3,3,4,5,3,3,3
1439,42063,3,3,3,1,3,3,4,5,3,3,3
1440,31482,5,5,5,1,5,4,5,4,4,5,3
1441,36096,5,5,5,1,5,4,5,4,4,5,3
1442,42064,5,5,5,1,5,4,5,4,4,5,3
1443,36531,3,4,4,1,4,3,5,3,4,4,4
1444,42065,3,4,4,1,4,3,5,3,4,4,4
1445,31481,3,3,4,4,3,3,4,3,2,3,3
1446,34689,3,3,4,4,3,3,4,3,2,3,3
1447,35911,3,3,4,4,3,3,4,3,2,3,3
1448,42066,3,3,4,4,3,3,4,3,2,3,3
1449,42067,3,4,3,3,3,2,3,3,3,4,3
1450,42068,3,4,5,5,4,4,4,3,4,4,5
1451,42069,4,5,5,1,5,4,5,3,4,4,3
1452,31479,3,5,5,4,4,3,5,3,4,4,4
1453,36014,3,5,5,4,4,3,5,3,4,4,4
1454,42070,3,5,5,4,4,3,5,3,4,4,4
1455,42071,4,5,5,1,5,3,5,3,4,5,3
1456,36146,4,4,5,5,4,4,4,1,4,4,3
1457,42072,4,4,5,5,4,4,4,1,4,4,3
1458,42073,3,5,5,1,4,4,5,3,4,4,3
1459,37122,5,5,5,1,5,5,4,3,4,4,3
1460,42074,5,5,5,1,5,5,4,3,4,4,3
1461,42075,3,5,4,1,5,4,5,3,4,4,3
1462,42076,4,4,5,1,3,2,5,4,4,4,3
1463,42077,5,4,4,1,3,3,5,3,4,4,3
1464,42078,4,4,4,1,3,3,5,3,4,4,4
1465,35401,3,2,3,1,3,3,4,3,2,3,3
1466,42079,3,2,3,1,3,3,4,3,2,3,3
1467,42080,5,4,5,1,3,3,5,3,5,4,3
1468,35352,4,5,5,1,5,5,4,3,4,4,5
1469,42081,4,5,5,1,5,5,4,3,4,4,5
1470,35648,3,4,4,1,5,3,5,3,4,4,3
1471,42082,3,4,4,1,5,3,5,3,4,4,3
1472,42083,4,5,5,1,3,3,5,3,4,4,4
1473,35205,4,4,5,3,3,3,5,3,4,5,3
1474,42084,4,4,5,3,3,3,5,3,4,5,3
1475,35393,5,5,5,1,4,4,5,3,4,5,4
1476,42085,5,5,5,1,4,4,5,3,4,5,4
1477,42086,4,4,5,5,4,4,5,3,5,5,5
1478,973,4,5,5,3,5,5,4,3,4,4,4
1479,42087,4,5,5,3,5,5,4,3,4,4,4
1480,35277,5,5,4,3,5,4,5,4,4,4,3
1481,42088,5,5,4,3,5,4,5,4,4,4,3
1482,42089,5,4,4,1,3,3,4,3,4,4,3
1483,42090,5,4,5,4,3,3,5,3,4,4,5
1484,35142,4,4,5,1,3,3,5,3,4,4,3
1485,42091,4,4,5,1,3,3,5,3,4,4,3
1486,34960,5,5,5,1,3,3,5,4,4,4,3
1487,42092,5,5,5,1,3,3,5,4,4,4,3
1488,35493,4,4,5,1,3,3,5,3,4,4,4
1489,42093,4,4,5,1,3,3,5,3,4,4,4
1490,35011,5,4,4,1,5,3,5,3,4,4,3
1491,42094,5,4,4,1,5,3,5,3,4,4,3
1492,42095,5,5,5,1,4,3,4,3,4,4,3
1493,35071,5,4,5,1,3,3,5,3,4,4,3
1494,42096,5,4,5,1,3,3,5,3,4,4,3
1495,31445,4,4,4,1,3,3,5,3,4,4,3
1496,34805,4,4,4,1,3,3,5,3,4,4,3
1497,42097,4,4,4,1,3,3,5,3,4,4,3
1498,42098,5,5,4,1,5,4,4,3,3,4,4
1499,42099,4,4,5,1,3,1,5,3,5,5,5
1500,34830,4,5,5,1,3,3,5,3,4,4,3
1501,42100,4,5,5,1,3,3,5,3,4,4,3
1502,26995,4,4,4,1,3,3,5,3,4,4,2
1503,31443,4,4,4,1,3,3,5,3,4,4,2
1504,42101,4,4,4,1,3,3,5,3,4,4,2
1505,34759,4,4,5,3,3,3,5,5,4,5,4
1506,42102,4,4,5,3,3,3,5,5,4,5,4
1507,25618,5,4,5,1,4,3,5,5,5,5,3
1508,31241,5,4,5,1,4,3,5,5,5,5,3
1509,32096,5,4,5,1,4,3,5,5,5,5,3
1510,34719,5,4,5,1,4,3,5,5,5,5,3
1511,42103,5,4,5,1,4,3,5,5,5,5,3
1512,42104,3,4,4,1,5,4,5,2,4,5,3
1513,42105,4,5,4,4,5,4,4,3,3,4,3
1514,42106,4,5,5,1,4,3,5,3,4,5,3
1515,42107,5,4,5,5,2,1,3,1,3,4,3
1516,34414,5,4,5,1,3,3,5,4,4,3,2
1517,42108,5,4,5,1,3,3,5,4,4,3,2
1518,34399,4,4,5,1,3,3,5,3,4,4,3
1519,42109,4,4,5,1,3,3,5,3,4,4,3
1520,42110,3,4,5,4,4,3,5,1,4,5,4
1521,34296,4,5,5,5,4,3,5,1,5,5,4
1522,42111,4,5,5,5,4,3,5,1,5,5,4
1523,42112,3,5,4,1,5,4,5,3,4,4,4
1524,42113,5,5,4,1,5,4,4,3,4,4,3
1525,34279,5,5,5,1,3,3,5,3,5,5,3
1526,42114,5,5,5,1,3,3,5,3,5,5,3
1527,31425,3,4,5,1,3,3,5,5,5,5,4
1528,34242,3,4,5,1,3,3,5,5,5,5,4
1529,42115,3,4,5,1,3,3,5,5,5,5,4
1530,34186,3,4,4,4,3,3,5,3,4,4,3
1531,42116,3,4,4,4,3,3,5,3,4,4,3
1532,34154,5,5,5,1,5,3,5,3,4,4,2
1533,42117,5,5,5,1,5,3,5,3,4,4,2
1534,42118,5,5,5,1,5,4,5,3,5,4,4
1535,33981,5,5,5,3,5,5,5,3,4,4,5
1536,42119,5,5,5,3,5,5,5,3,4,4,5
1537,33972,5,5,5,1,3,3,5,5,5,5,3
1538,42120,5,5,5,1,3,3,5,5,5,5,3
1539,42121,5,4,5,1,3,3,5,1,4,5,3
1540,31403,4,5,5,1,5,4,4,3,4,4,3
1541,42122,4,5,5,1,5,4,4,3,4,4,3
1542,33844,4,4,4,1,5,4,5,1,4,4,3
1543,42123,4,4,4,1,5,4,5,1,4,4,3
1544,42124,5,5,4,1,4,3,5,3,4,4,3
1545,33755,5,5,5,1,5,3,5,2,4,4,3
1546,42125,5,5,5,1,5,3,5,2,4,4,3
1547,42126,5,4,4,1,3,3,5,3,4,5,3
1548,22779,5,5,5,1,5,4,5,5,5,5,5
1549,24897,5,5,5,1,5,4,5,5,5,5,5
1550,30853,5,5,5,1,5,4,5,5,5,5,5
1551,33663,5,5,5,1,5,4,5,5,5,5,5
1552,42127,5,5,5,1,5,4,5,5,5,5,5
1553,42128,5,5,4,1,5,5,4,3,4,3,3
1554,31385,4,4,4,1,3,3,5,4,4,4,3
1555,42129,4,4,4,1,3,3,5,4,4,4,3
1556,42130,4,4,5,5,4,4,5,4,5,5,4
1557,33495,3,4,5,1,3,3,4,3,4,4,3
1558,42131,3,4,5,1,3,3,4,3,4,4,3
1559,31374,4,4,5,1,3,1,5,3,4,4,3
1560,33399,4,4,5,1,3,1,5,3,4,4,3
1561,42132,4,4,5,1,3,1,5,3,4,4,3
1562,33366,5,4,5,1,3,3,5,1,3,4,5
1563,42133,5,4,5,1,3,3,5,1,3,4,5
1564,33359,4,4,5,3,5,4,4,3,4,4,5
1565,42134,4,4,5,3,5,4,4,3,4,4,5
1566,63,4,4,5,1,4,3,4,3,4,5,3
1567,100,4,4,5,1,4,3,4,3,4,5,3
1568,121,4,4,5,1,4,3,4,3,4,5,3
1569,33298,4,4,5,1,4,3,4,3,4,5,3
1570,36625,4,4,5,1,4,3,4,3,4,5,3
1571,40231,4,4,5,1,4,3,4,3,4,5,3
1572,42135,4,4,5,1,4,3,4,3,4,5,3
1573,42136,4,5,5,1,5,3,5,5,4,5,3
1574,33168,4,2,3,1,3,1,4,1,3,3,3
1575,42137,4,2,3,1,3,1,4,1,3,3,3
1576,42138,4,5,5,1,4,3,5,5,5,4,5
1577,33109,5,4,5,1,3,3,5,2,4,5,5
1578,42139,5,4,5,1,3,3,5,2,4,5,5
1579,33093,4,4,5,1,3,3,5,3,4,4,3
1580,42140,4,4,5,1,3,3,5,3,4,4,3
1581,33064,5,4,5,1,3,3,4,3,3,4,3
1582,42141,5,4,5,1,3,3,4,3,3,4,3
1583,31347,5,5,5,1,5,4,5,3,5,5,4
1584,33010,5,5,5,1,5,4,5,3,5,5,4
1585,42142,5,5,5,1,5,4,5,3,5,5,4
1586,31340,4,5,5,3,4,3,5,3,4,4,5
1587,42143,4,5,5,3,4,3,5,3,4,4,5
1588,32951,4,4,5,4,4,3,5,3,4,4,5
1589,42144,4,4,5,4,4,3,5,3,4,4,5
1590,32852,4,4,5,1,4,4,4,5,5,5,5
1591,42145,4,4,5,1,4,4,4,5,5,5,5
1592,42146,3,4,5,1,3,1,5,3,4,4,3
1593,42147,4,4,5,1,3,3,5,3,4,4,4
1594,42148,5,5,5,1,5,4,5,4,4,5,3
1595,31315,3,4,5,1,4,3,5,1,5,5,3
1596,32707,3,4,5,1,4,3,5,1,5,5,3
1597,42149,3,4,5,1,4,3,5,1,5,5,3
1598,1158,5,5,5,1,5,5,5,4,5,5,4
1599,32697,5,5,5,1,5,5,5,4,5,5,4
1600,42150,5,5,5,1,5,5,5,4,5,5,4
1601,32665,4,4,5,1,4,4,4,2,4,4,4
1602,42151,4,4,5,1,4,4,4,2,4,4,4
1603,32635,4,4,5,3,4,3,4,1,3,4,4
1604,42152,4,4,5,3,4,3,4,1,3,4,4
1605,541,5,4,5,1,4,4,4,4,4,3,3
1606,42153,5,4,5,1,4,4,4,4,4,3,3
1607,34160,3,5,5,1,4,3,5,3,4,5,3
1608,42154,3,5,5,1,4,3,5,3,4,5,3
1609,1872,5,5,5,4,5,4,5,3,5,5,3
1610,12475,5,5,5,4,5,4,5,3,5,5,3
1611,23770,5,5,5,4,5,4,5,3,5,5,3
1612,32477,5,5,5,4,5,4,5,3,5,5,3
1613,42155,5,5,5,4,5,4,5,3,5,5,3
1614,42156,2,3,2,1,3,3,4,3,3,3,3
1615,32472,5,4,5,1,5,4,4,5,4,5,3
1616,42157,5,4,5,1,5,4,4,5,4,5,3
1617,1128,4,5,5,3,4,5,5,4,5,5,3
1618,2118,4,5,5,3,4,5,5,4,5,5,3
1619,32325,4,5,5,3,4,5,5,4,5,5,3
1620,42158,4,5,5,3,4,5,5,4,5,5,3
1621,32294,5,4,5,1,4,3,5,3,4,4,3
1622,42159,5,4,5,1,4,3,5,3,4,4,3
1623,42160,3,4,2,1,4,3,4,2,3,3,3
1624,1077,3,4,4,1,4,3,5,1,3,4,3
1625,32257,3,4,4,1,4,3,5,1,3,4,3
1626,34643,3,4,4,1,4,3,5,1,3,4,3
1627,42161,3,4,4,1,4,3,5,1,3,4,3
1628,31263,3,5,5,1,5,3,5,2,3,4,3
1629,42162,3,5,5,1,5,3,5,2,3,4,3
1630,42163,2,2,1,2,3,3,2,3,2,2,2
1631,42164,4,4,5,1,4,3,5,2,4,4,3
1632,32044,3,4,5,1,4,3,5,3,4,4,3
1633,42165,3,4,5,1,4,3,5,3,4,4,3
1634,31897,5,4,5,1,5,5,5,1,3,4,2
1635,42166,5,4,5,1,5,5,5,1,3,4,2
1636,430,4,4,4,1,4,4,5,3,4,4,4
1637,28292,4,4,4,1,4,4,5,3,4,4,4
1638,42167,4,4,4,1,4,4,5,3,4,4,4
1639,5603,3,4,4,1,3,3,4,3,4,4,3
1640,6810,3,4,4,1,3,3,4,3,4,4,3
1641,42168,3,4,4,1,3,3,4,3,4,4,3
1642,40338,5,5,4,1,4,4,4,3,4,4,5
1643,42169,5,5,4,1,4,4,4,3,4,4,5
1644,42170,4,5,4,1,5,4,5,4,4,5,3
1645,42171,4,4,5,1,5,3,5,3,4,4,3
1646,42172,4,5,5,1,4,3,5,3,3,3,3
1647,40521,3,4,4,1,3,3,5,3,4,4,3
1648,42173,3,4,4,1,3,3,5,3,4,4,3
1649,39969,3,4,3,1,3,3,5,3,4,4,4
1650,42174,3,4,3,1,3,3,5,3,4,4,4
1651,42175,4,4,4,3,4,3,5,3,4,4,3
1652,20083,5,5,5,1,5,3,5,4,4,4,4
1653,39513,5,5,5,1,5,3,5,4,4,4,4
1654,42176,5,5,5,1,5,3,5,4,4,4,4
1655,39412,4,4,4,3,4,3,5,3,4,4,3
1656,42177,4,4,4,3,4,3,5,3,4,4,3
1657,39978,4,4,4,5,5,5,4,3,3,4,3
1658,42178,4,4,4,5,5,5,4,3,3,4,3
1659,39878,4,5,4,1,5,4,4,3,4,4,5
1660,42179,4,5,4,1,5,4,4,3,4,4,5
1661,40048,3,4,4,1,4,4,5,3,4,5,3
1662,42180,3,4,4,1,4,4,5,3,4,5,3
1663,31550,3,4,3,1,4,3,5,3,4,4,3
1664,39252,3,4,3,1,4,3,5,3,4,4,3
1665,42181,3,4,3,1,4,3,5,3,4,4,3
1666,40255,2,4,3,5,5,5,5,3,3,4,4
1667,42182,2,4,3,5,5,5,5,3,3,4,4
1668,39732,3,5,4,1,5,5,4,3,4,4,4
1669,42183,3,5,4,1,5,5,4,3,4,4,4
1670,39455,4,5,5,1,5,4,5,2,4,4,4
1671,42184,4,5,5,1,5,4,5,2,4,4,4
1672,39270,4,4,4,5,4,3,5,3,4,4,4
1673,42185,4,4,4,5,4,3,5,3,4,4,4
1674,42186,4,4,5,1,5,3,5,3,4,5,2
1675,31560,4,5,5,1,5,4,5,3,5,5,4
1676,39661,4,5,5,1,5,4,5,3,5,5,4
1677,42187,4,5,5,1,5,4,5,3,5,5,4
1678,31540,3,4,4,3,3,3,5,3,4,4,3
1679,38717,3,4,4,3,3,3,5,3,4,4,3
1680,42188,3,4,4,3,3,3,5,3,4,4,3
1681,38901,3,4,4,5,4,5,4,3,4,4,3
1682,42189,3,4,4,5,4,5,4,3,4,4,3
1683,42190,3,4,4,1,3,3,4,5,4,4,4
1684,42191,4,5,5,3,4,4,4,3,4,4,5
1685,38184,4,5,5,1,4,4,5,3,4,5,5
1686,42192,4,5,5,1,4,4,5,3,4,5,5
1687,42193,3,5,3,1,5,5,4,3,3,4,3
1688,31182,2,4,5,1,4,3,5,4,4,4,4
1689,31576,2,4,5,1,4,3,5,4,4,4,4
1690,32235,2,4,5,1,4,3,5,4,4,4,4
1691,33188,2,4,5,1,4,3,5,4,4,4,4
1692,40127,2,4,5,1,4,3,5,4,4,4,4
1693,42194,2,4,5,1,4,3,5,4,4,4,4
1694,31516,3,5,4,1,5,4,5,3,4,4,3
1695,32889,3,5,4,1,5,4,5,3,4,4,3
1696,37688,3,5,4,1,5,4,5,3,4,4,3
1697,42195,3,5,4,1,5,4,5,3,4,4,3
1698,42196,4,4,4,4,3,3,4,3,4,4,3
1699,37463,3,3,5,1,3,3,5,3,3,4,3
1700,42197,3,3,5,1,3,3,5,3,3,4,3
1701,37731,4,4,4,1,3,3,5,3,4,4,4
1702,42198,4,4,4,1,3,3,5,3,4,4,4
1703,37549,4,4,4,1,4,3,4,3,4,4,4
1704,42199,4,4,4,1,4,3,4,3,4,4,4
1705,37109,4,5,5,1,4,3,5,3,5,5,5
1706,42200,4,5,5,1,4,3,5,3,5,5,5
1707,31523,4,4,4,1,3,3,5,3,4,4,4
1708,37951,4,4,4,1,3,3,5,3,4,4,4
1709,42201,4,4,4,1,3,3,5,3,4,4,4
1710,42202,5,4,5,1,5,4,5,5,4,4,3
1711,198,4,4,4,1,3,3,5,3,3,4,4
1712,37380,4,4,4,1,3,3,5,3,3,4,4
1713,42203,4,4,4,1,3,3,5,3,3,4,4
1714,36847,4,4,5,3,3,3,4,3,4,5,4
1715,42204,4,4,5,3,3,3,4,3,4,5,4
1716,2955,4,4,3,3,4,4,5,3,4,4,5
1717,37321,4,4,3,3,4,4,5,3,4,4,5
1718,42205,4,4,3,3,4,4,5,3,4,4,5
1719,31501,2,3,3,1,3,3,4,3,3,4,3
1720,42206,2,3,3,1,3,3,4,3,3,4,3
1721,387,5,2,4,1,4,3,3,3,2,2,2
1722,3469,5,2,4,1,4,3,3,3,2,2,2
1723,12509,5,2,4,1,4,3,3,3,2,2,2
1724,23804,5,2,4,1,4,3,3,3,2,2,2
1725,31087,5,2,4,1,4,3,3,3,2,2,2
1726,42207,5,2,4,1,4,3,3,3,2,2,2
1727,36985,3,3,3,1,3,3,4,2,2,2,3
1728,42208,3,3,3,1,3,3,4,2,2,2,3
1729,36597,4,5,5,3,4,4,5,3,4,4,4
1730,42209,4,5,5,3,4,4,5,3,4,4,4
1731,36734,4,4,3,1,4,4,4,3,4,4,4
1732,42210,4,4,3,1,4,4,4,3,4,4,4
1733,42211,5,5,4,1,5,5,3,3,4,4,3
1734,36397,4,4,4,1,3,3,5,3,4,4,4
1735,42212,4,4,4,1,3,3,5,3,4,4,4
1736,36619,4,4,5,1,3,3,5,3,5,5,4
1737,42213,4,4,5,1,3,3,5,3,5,5,4
1738,42214,3,4,5,1,4,3,5,3,3,4,3
1739,42215,3,4,4,4,4,4,4,3,4,4,3
1740,42216,3,4,3,1,4,4,4,5,4,4,3
1741,42217,4,4,5,1,3,3,5,3,4,4,4
1742,37194,3,4,3,5,5,4,4,3,2,4,2
1743,42218,3,4,3,5,5,4,4,3,2,4,2
1744,36277,4,4,5,3,5,5,4,3,3,4,5
1745,42219,4,4,5,3,5,5,4,3,3,4,5
1746,36188,4,4,5,3,3,3,4,5,4,5,3
1747,42220,4,4,5,3,3,3,4,5,4,5,3
1748,37365,4,4,4,1,5,4,4,3,4,3,2
1749,42221,4,4,4,1,5,4,4,3,4,3,2
1750,36183,4,4,4,1,3,3,5,3,4,4,3
1751,42222,4,4,4,1,3,3,5,3,4,4,3
1752,128,5,4,5,5,3,3,3,5,4,5,4
1753,566,5,4,5,5,3,3,3,5,4,5,4
1754,36019,5,4,5,5,3,3,3,5,4,5,4
1755,42223,5,4,5,5,3,3,3,5,4,5,4
1756,37008,5,4,5,1,3,3,5,3,4,4,2
1757,42224,5,4,5,1,3,3,5,3,4,4,2
1758,35987,4,4,5,1,4,3,5,3,4,4,3
1759,42225,4,4,5,1,4,3,5,3,4,4,3
1760,42226,4,4,4,1,4,3,5,3,3,4,3
1761,42227,4,4,4,4,5,4,4,3,4,4,3
1762,42228,4,4,4,1,3,1,5,3,4,4,3
1763,42229,5,5,5,1,4,3,5,3,4,4,3
1764,42230,5,5,5,4,5,3,4,5,4,5,3
1765,31478,3,4,3,1,4,3,5,3,4,4,3
1766,35934,3,4,3,1,4,3,5,3,4,4,3
1767,42231,3,4,3,1,4,3,5,3,4,4,3
1768,35513,4,4,5,1,4,3,5,3,4,5,3
1769,42232,4,4,5,1,4,3,5,3,4,5,3
1770,42233,4,4,4,1,3,3,4,3,3,3,3
1771,35514,5,5,5,4,4,4,4,3,4,4,5
1772,42234,5,5,5,4,4,4,4,3,4,4,5
1773,42235,5,5,5,1,4,4,4,5,4,4,5
1774,42236,5,5,5,1,5,3,5,3,4,4,3
1775,42237,4,4,4,1,4,3,5,3,4,4,3
1776,42238,3,5,4,5,4,4,3,3,3,4,3
1777,598,4,5,4,1,4,3,5,4,4,5,3
1778,42239,4,5,4,1,4,3,5,4,4,5,3
1779,35353,3,4,3,1,3,3,4,3,3,4,3
1780,42240,3,4,3,1,3,3,4,3,3,4,3
1781,35369,3,4,3,1,4,3,4,3,3,3,3
1782,42241,3,4,3,1,4,3,4,3,3,3,3
1783,35623,5,5,5,1,5,5,4,4,4,4,4
1784,42242,5,5,5,1,5,5,4,4,4,4,4
1785,42243,3,4,4,1,3,3,5,3,4,4,3
1786,35195,5,4,5,1,4,3,5,3,4,4,3
1787,42244,5,4,5,1,4,3,5,3,4,4,3
1788,42245,5,5,5,1,4,3,4,2,4,4,5
1789,31452,5,5,5,3,5,4,5,3,3,4,2
1790,42246,5,5,5,3,5,4,5,3,3,4,2
1791,34984,2,2,1,2,4,4,3,3,2,2,2
1792,40744,2,2,1,2,4,4,3,3,2,2,2
1793,42247,2,2,1,2,4,4,3,3,2,2,2
1794,34949,5,5,5,1,5,4,5,2,2,3,2
1795,42248,5,5,5,1,5,4,5,2,2,3,2
1796,1330,5,4,5,1,3,2,5,5,4,4,3
1797,2140,5,4,5,1,3,2,5,5,4,4,3
1798,34842,5,4,5,1,3,2,5,5,4,4,3
1799,42249,5,4,5,1,3,2,5,5,4,4,3
1800,34938,5,5,5,1,5,4,4,3,4,4,3
1801,42250,5,5,5,1,5,4,4,3,4,4,3
1802,34770,3,4,4,1,3,3,5,3,3,3,2
1803,42251,3,4,4,1,3,3,5,3,3,3,2
1804,34871,5,4,4,1,4,3,4,3,3,2,2
1805,42252,5,4,4,1,4,3,4,3,3,2,2
1806,34647,3,5,4,1,5,3,5,3,5,5,4
1807,42253,3,5,4,1,5,3,5,3,5,5,4
1808,34584,4,4,5,5,3,3,5,3,4,4,5
1809,42254,4,4,5,5,3,3,5,3,4,4,5
1810,42255,5,5,5,1,5,4,5,3,3,5,2
1811,42256,3,4,4,1,4,3,5,3,4,4,3
1812,31439,3,5,4,1,4,5,5,1,4,5,4
1813,34551,3,5,4,1,4,5,5,1,4,5,4
1814,42257,3,5,4,1,4,5,5,1,4,5,4
1815,42258,4,4,4,5,4,3,4,3,4,4,3
1816,34354,4,4,4,1,3,3,5,3,4,4,4
1817,42259,4,4,4,1,3,3,5,3,4,4,4
1818,34347,4,5,5,1,4,3,5,4,3,4,3
1819,42260,4,5,5,1,4,3,5,4,3,4,3
1820,34299,3,4,4,1,3,3,5,3,4,5,4
1821,42261,3,4,4,1,3,3,5,3,4,5,4
1822,34213,4,5,4,1,5,4,5,2,4,4,3
1823,42262,4,5,4,1,5,4,5,2,4,4,3
1824,42263,5,5,5,1,5,5,4,2,4,4,3
1825,34101,4,4,5,3,3,3,5,3,4,4,4
1826,42264,4,4,5,3,3,3,5,3,4,4,4
1827,42265,2,2,2,5,4,3,2,4,2,4,2
1828,42266,4,4,5,1,3,3,5,3,4,5,4
1829,9255,2,3,2,3,4,3,4,5,3,3,2
1830,42267,2,3,2,3,4,3,4,5,3,3,2
1831,42268,5,4,5,3,3,3,5,3,3,5,5
1832,42269,4,4,5,1,3,3,5,3,4,5,4
1833,33864,4,4,5,1,3,3,5,3,4,4,5
1834,42270,4,4,5,1,3,3,5,3,4,4,5
1835,42271,5,5,5,1,5,4,5,5,5,5,3
1836,31381,3,4,4,1,4,3,5,2,4,4,3
1837,42272,3,4,4,1,4,3,5,2,4,4,3
1838,42273,5,5,5,3,5,5,4,3,4,5,5
1839,42274,5,5,5,1,4,3,4,2,4,4,5
1840,42275,5,5,5,5,4,5,5,1,4,5,4
1841,33333,3,4,4,1,3,3,4,3,4,4,3
1842,42276,3,4,4,1,3,3,4,3,4,4,3
1843,33319,5,4,5,1,3,3,4,3,4,4,3
1844,42277,5,4,5,1,3,3,4,3,4,4,3
1845,31370,4,5,5,1,4,3,5,3,3,4,4
1846,33309,4,5,5,1,4,3,5,3,3,4,4
1847,42278,4,5,5,1,4,3,5,3,3,4,4
1848,33238,5,5,5,1,5,5,4,4,4,5,3
1849,42279,5,5,5,1,5,5,4,4,4,5,3
1850,42280,5,5,5,1,5,3,5,4,4,5,3
1851,42281,4,5,5,1,5,4,5,3,4,4,3
1852,42282,3,3,3,1,3,3,4,3,3,4,3
1853,42283,2,5,3,3,5,5,4,3,4,4,4
1854,42284,5,5,5,1,5,3,4,3,4,5,3
1855,42285,5,4,5,1,5,3,5,1,4,5,5
1856,42286,3,4,5,3,4,3,3,3,3,4,3
1857,31280,3,4,5,1,5,3,5,3,4,4,2
1858,42287,3,4,5,1,5,3,5,3,4,4,2
1859,31264,5,4,5,4,4,3,5,3,4,4,3
1860,32204,5,4,5,4,4,3,5,3,4,4,3
1861,42288,5,4,5,4,4,3,5,3,4,4,3
1862,31998,4,4,4,1,3,3,4,1,4,4,4
1863,42289,4,4,4,1,3,3,4,1,4,4,4
1864,42290,5,4,5,1,4,3,4,3,5,4,5
